name,category,sub-category,cas,unit,median,mean,std,cv,type
Lead,water,surface water,007439-92-1,kilogram,-452584100.5130968,-463839796.3205336,17551558649.63826,-38.78076722036848,emission
Cadmium,soil,agricultural,007440-43-9,kilogram,-185973600.7357852,-400167831.8594899,14288830548.42094,-76.83257457987948,emission
"Zinc, ion",water,surface water,023713-49-7,kilogram,124909360.3630292,-335894953.4251193,18108122876.08881,144.9701033089949,emission
"Ethane, 1,2-dichloro-1,1,2,2-tetrafluoro-, CFC-114",air,non-urban air or from high stacks,000076-14-2,kilogram,0.0,0.0,0.0,,emission
Copper,soil,forestry,007440-50-8,kilogram,0.0,0.0,0.0,,emission
Zinc,soil,forestry,007440-66-6,kilogram,0.0,0.0,0.0,,emission
"Perchlorate, ion",water,surface water,014797-73-0,kilogram,0.0,0.0,0.0,,emission
Nickel,water,ground-,007440-02-0,kilogram,0.0,0.0,0.0,,emission
Silicon tetrachloride,air,urban air close to ground,10026-04-7,kilogram,0.0,0.0,0.0,,emission
Silicon dioxide,water,surface water,7631-86-9,kilogram,0.0,0.0,0.0,,emission
Phosphorus pentachloride,water,,010026-13-8,kilogram,0.0,0.0,0.0,,emission
"Ethane, 1,1,1-trichloro-, HCFC-140",water,surface water,000071-55-6,kilogram,2.251452858695417e-10,2.251452858695416e-10,7.758698562288321e-26,3.446085283253066e-16,emission
Boric acid,air,urban air close to ground,010043-35-3,kilogram,1.34693520067573e-08,1.34693520067573e-08,1.655189026621508e-24,1.22885572059527e-16,emission
Monophenyltin,water,ocean,2406-68-0,kilogram,1.6999816980001e-07,1.700431939078966e-07,3.926594500927736e-09,0.02309786338021803,emission
Nitrogen fluoride,air,urban air close to ground,007783-54-2,kilogram,2.635988815943079e-07,2.635988815943079e-07,0.0,0.0,emission
Lambda-cyhalothrin,water,surface water,091465-08-6,kilogram,3.358482683263653e-07,3.483488192252064e-07,1.01407377656175e-07,0.3019440241913974,emission
Phosphoric acid,air,urban air close to ground,007664-38-2,kilogram,4.768288619831229e-07,4.768288619831229e-07,0.0,0.0,emission
Dibutyltin,water,ocean,1002-53-5,kilogram,9.012861738947395e-07,8.981553467275202e-07,8.391427202428622e-08,0.09310502530141608,emission
Sulfur hexafluoride,air,urban air close to ground,002551-62-4,kilogram,1.054230291176674e-06,1.054230291176674e-06,0.0,0.0,emission
Tefluthrin,water,surface water,079538-32-2,kilogram,4.196480546165237e-06,4.422482139021469e-06,1.273925452683171e-06,0.3035699650382723,emission
Triphenyltin,water,ocean,668-34-8,kilogram,1.699320628247798e-05,1.698435123741418e-05,4.101043262073857e-07,0.02413342834720085,emission
Trioctyltin,water,ocean,869-59-0,kilogram,3.998518256888836e-05,3.999848817358601e-05,1.209037959249668e-06,0.03023714990338435,emission
Diphenyltin,water,ocean,1011-95-6,kilogram,5.702977843472072e-05,5.684295924085582e-05,6.136700040992626e-06,0.1076051881915869,emission
Iodine,air,"low population density, long-term",007553-56-2,kilogram,6.779187737492657e-05,6.779187737492659e-05,2.711861701216679e-20,4.00027526338972e-16,emission
Monobutyltin,water,ocean,78763-54-9,kilogram,0.0001551529620295708,0.000155396224331022,1.008754965281536e-05,0.06501680355217943,emission
Sodium tetrahydridoborate,air,urban air close to ground,016940-66-2,kilogram,0.0001750044676070997,0.0001750044676070997,0.0,0.0,emission
Silver,soil,agricultural,007440-22-4,kilogram,0.0001297795189886174,0.0001770322076933421,0.0001744199641941776,1.343971418244164,emission
"Benzene, hexachloro-",air,non-urban air or from high stacks,000118-74-1,kilogram,0.0001829775247157912,0.0001886378592514315,4.235989097233022e-05,0.2315032463037495,emission
Monochloroethane,air,urban air close to ground,000075-00-3,kilogram,0.0001787598041199458,0.0001892898291689726,6.455967937432671e-05,0.3611532228520899,emission
Diethyl ether,air,urban air close to ground,000060-29-7,kilogram,0.0002205908211572029,0.0002338108429540482,7.622907996483821e-05,0.3455677782282426,emission
Thiabendazole,water,ground-,148-79-8,kilogram,0.0002367788772180153,0.0002424406582841332,4.960537927306118e-05,0.2095008636576428,emission
Thiabendazole,air,"low population density, long-term",148-79-8,kilogram,0.0002811321441294324,0.0002881706946066035,5.903166649194087e-05,0.2099783597309416,emission
Ethylene glycol monoethyl ether,air,urban air close to ground,000110-80-5,kilogram,0.0003444492333735652,0.0003613936549061937,0.0001160676414744242,0.3369658870703465,emission
Trifloxystrobin,water,surface water,141517-21-7,kilogram,0.0003616380159603412,0.0003772579594296474,0.0001088782882791232,0.3010698086869917,emission
"Tin, ion",water,ocean,022537-50-4,kilogram,0.0003902623273808769,0.0003902781366618671,8.92323444836997e-06,0.02286470874156739,emission
Dimethoate,water,ground-,000060-51-5,kilogram,0.0004931397719633726,0.0005061541017730163,0.0001019643802935998,0.2067656800173341,emission
Acenaphthylene,water,ocean,000208-96-8,kilogram,0.0005578823261114923,0.0005578823261114921,2.169489360973344e-19,3.88879385388483e-16,emission
Dimethoate,air,"low population density, long-term",000060-51-5,kilogram,0.0005877569941851401,0.0005983618993838087,0.0001277554149176822,0.2173609436920456,emission
Tribenuron-methyl,water,ground-,101200-48-0,kilogram,0.0008621883913518679,0.0008720076034659507,0.0001330004233248395,0.1542591209286657,emission
Chlorosulfonic acid,air,,007790-94-5,kilogram,0.0009420037508452654,0.0009420037508452653,1.084744680486672e-19,1.151529045944163e-16,emission
"Dioxins, measured as 2,3,7,8-tetrachlorodibenzo-p-dioxin",water,,001746-01-6,kilogram,0.0008407776045095723,0.0009428450640396537,0.000474804140462194,0.5647202517235798,emission
Tribenuron-methyl,air,"low population density, long-term",101200-48-0,kilogram,0.001006048277614943,0.00101734199342455,0.0001530800509417055,0.1521597465527351,emission
Prothioconazol,water,surface water,178928-70-6,kilogram,0.00118375232448405,0.001223436572772326,0.0003481587847426518,0.2941145521250826,emission
Thiabendazole,soil,agricultural,000148-79-8,kilogram,0.002153410104522786,0.002208121005925811,0.0004273013612790715,0.1984300902004754,emission
Ethephon,water,surface water,016672-87-0,kilogram,0.003363598152705282,0.003481404548313792,0.0009528089769058887,0.2832707516323142,emission
Sulfur hexafluoride,air,non-urban air or from high stacks,002551-62-4,kilogram,0.004109593655880847,0.004207756340457182,0.0009943391573596747,0.2419555899247535,emission
Iodide,soil,industrial,020461-54-5,kilogram,0.004259190832582304,0.004259190832582304,0.0,0.0,emission
"Phenol, 2,4-dichloro",air,,000120-83-2,kilogram,0.004603910840803294,0.004603910840803293,1.735591488778675e-18,3.769819939596935e-16,emission
Methomyl,water,surface water,016752-77-5,kilogram,0.005016075744862241,0.005154251231263811,0.001404768199135892,0.2800532269822157,emission
Tetramethyl ammonium hydroxide,air,urban air close to ground,000075-59-2,kilogram,0.006321835549488217,0.006321835549488217,0.0,0.0,emission
3-Methyl-1-butanol,air,urban air close to ground,000123-51-3,kilogram,0.005973672221494614,0.006424881926017479,0.002481821773106325,0.4154599852626953,emission
"Hydrocarbons, aliphatic, unsaturated",water,,,kilogram,0.006069509127519525,0.006774426216317034,0.003419527407957902,0.5633943925470934,emission
2-Methyl-2-butene,air,urban air close to ground,000513-35-9,kilogram,0.007268563599019796,0.007664869913397379,0.002447198201145265,0.3366825051204453,emission
Tungsten,air,non-urban air or from high stacks,007440-33-7,kilogram,0.008597730597517533,0.008597730597517533,0.0,0.0,emission
Acenaphthene,water,ocean,000083-32-9,kilogram,0.008920380394664479,0.008920380394664477,1.735591488778675e-18,1.945647396176938e-16,emission
Monochloroethane,water,surface water,000075-00-3,kilogram,0.008792603135489725,0.00934509719806951,0.003431620832997804,0.3902849679575208,emission
Tefluthrin,water,ground-,079538-32-2,kilogram,0.009748289859042795,0.01018911103586275,0.002897222076688144,0.2972031113745143,emission
Dimethyl ether,water,surface water,000115-10-6,kilogram,0.01122732291105606,0.01204364464558704,0.004332975298410848,0.3859312974906928,emission
Imidacloprid,water,ground-,138261-41-3,kilogram,0.01351766755980192,0.01370619293031641,0.002118863849964555,0.1567477407319524,emission
3-Methyl-1-butanol,water,surface water,000123-51-3,kilogram,0.01419317151483436,0.0151517956737458,0.005674475683733857,0.3998032207109616,emission
Imidacloprid,air,"low population density, long-term",138261-41-3,kilogram,0.01581990905007733,0.0160627875542182,0.002447871013270815,0.1547335705611309,emission
2-Methyl-2-butene,water,surface water,000513-35-9,kilogram,0.01774130740656846,0.01895355612537103,0.006685518985530158,0.3768335011801296,emission
Thallium,air,"low population density, long-term",007440-28-0,kilogram,0.01907130118582404,0.01907130118582403,3.47118297755735e-18,1.820108100509434e-16,emission
Cumene,air,,000098-82-8,kilogram,0.01573536153403258,0.02069413169625353,0.01716892376881561,1.0911044993585,emission
Hexane,water,surface water,000110-54-3,kilogram,0.02047169873618244,0.02198127521756602,0.008263397274769614,0.4036498085117176,emission
"Dioxins, measured as 2,3,7,8-tetrachlorodibenzo-p-dioxin",soil,industrial,001746-01-6,kilogram,0.01548723399827303,0.02244191356380884,0.02264833923702606,1.462387618057011,emission
Triallate,water,ground-,2303-17-5,kilogram,0.0242684336381998,0.02471146287617424,0.0050820060439391,0.2094080779873552,emission
Acenaphthene,air,urban air close to ground,000083-32-9,kilogram,0.01891062916929021,0.02543194970396085,0.02244935672339291,1.187129022647718,emission
Triallate,air,"low population density, long-term",2303-17-5,kilogram,0.02884043961505529,0.02939743317456608,0.005860811487184409,0.2032150537720981,emission
Furan,air,,000110-00-9,kilogram,0.02452570643970221,0.03331959307651641,0.02995400179463673,1.221330845995416,emission
Benzovindiflupyr,water,ground-,,kilogram,0.04053681551753613,0.04135495395613138,0.007975520457909094,0.1967475825637784,emission
Antimony,soil,agricultural,007440-36-0,kilogram,0.04903321581259831,0.04913801100776859,0.0003641689849605131,0.007426985542868384,emission
"Dioxins, measured as 2,3,7,8-tetrachlorodibenzo-p-dioxin",soil,,001746-01-6,kilogram,0.03372005967353676,0.0532439976712485,0.06504024580080366,1.92882949883528,emission
Helium,air,urban air close to ground,007440-59-7,kilogram,0.05307678893470665,0.05333695071356821,0.005160528924106993,0.09722760226613011,emission
4-Methyl-2-pentanol,water,surface water,000108-11-2,kilogram,0.05428475133067695,0.0584992390438813,0.0197113170579295,0.3631096500351915,emission
Sulfentrazone,water,ground-,122836-35-5,kilogram,0.05876087757220583,0.05968234182077755,0.008898177073200321,0.151430295816569,emission
Ozone,air,urban air close to ground,010028-15-6,kilogram,0.07321363441219651,0.07411665405060398,0.00444077595164671,0.06065504038011437,emission
"Dioxins, measured as 2,3,7,8-tetrachlorodibenzo-p-dioxin",air,"low population density, long-term",001746-01-6,kilogram,0.123308710874402,0.1237367100930283,0.008757398438167235,0.0710201118482799,emission
Methyl pentane,water,surface water,000107-83-5,kilogram,0.1513763410635399,0.1516840709898934,0.003023204229848483,0.01997144473573648,emission
Bentazone,water,surface water,025057-89-0,kilogram,0.2338615584707366,0.2346006385917623,0.004567147965696195,0.01952928046645036,emission
"Diatomite, in ground",natural resource,in ground,007631-86-9,kilogram,0.2458643271269544,0.2465803938404398,0.007653259079861053,0.03112797683703508,natural resource
4-Methyl-2-pentanone,air,urban air close to ground,000108-10-1,kilogram,0.3572833308552636,0.3577117544629078,0.006374793171199104,0.01784240299131545,emission
Benzovindiflupyr,soil,agricultural,,kilogram,0.3622934518622587,0.3684130233625587,0.06341647119831341,0.175041726181747,emission
Carbaryl,water,surface water,000063-25-2,kilogram,0.3858635748184909,0.4062816438267797,0.119102908272344,0.3086658499143633,emission
"Ethane, 1,1,1-trichloro-, HCFC-140",air,,000071-55-6,kilogram,0.3153521402430156,0.4313460835828136,0.3762413800915471,1.193083325204672,emission
Isoprene,air,,000078-79-5,kilogram,0.34069889306059,0.4520531077022918,0.4006593889824229,1.175992634972164,emission
Methomyl,water,ground-,016752-77-5,kilogram,0.4405966045603944,0.4559127924958106,0.1294768797163098,0.293867175498312,emission
Carbon disulfide,air,,000075-15-0,kilogram,0.3762556431080633,0.4987096402315505,0.4176766381944982,1.110087372362781,emission
Silver,soil,industrial,007440-22-4,kilogram,0.5272034096734302,0.5272034096734303,1.110778552818352e-16,2.106925965267202e-16,emission
Ethephon,water,ground-,016672-87-0,kilogram,0.5418621157176606,0.5668425133167475,0.1777138296978476,0.3279687295770389,emission
"Solids, inorganic",water,ocean,,kilogram,0.5781902340749211,0.5781902340749211,0.0,0.0,emission
Mercury,air,"low population density, long-term",007439-97-6,kilogram,0.7177901359412306,0.7177901359412306,0.0,0.0,emission
Benzal chloride,air,urban air close to ground,000098-87-3,kilogram,0.7691753900940879,0.7700765524630461,0.004681494398330634,0.006086380893905068,emission
Diisobutyl ketone,water,surface water,000108-83-8,kilogram,0.8190632257426897,0.8200115330020857,0.01510447403926429,0.01844115761096249,emission
Hydrogen peroxide,air,urban air close to ground,007722-84-1,kilogram,0.8220385693306127,0.8220385693306125,2.221557105636704e-16,2.702497411338888e-16,emission
Propanol,air,non-urban air or from high stacks,000071-23-8,kilogram,0.831838882958828,0.8435291617743378,0.1336278339049709,0.1606414855598723,emission
"Silver, ion",water,ocean,014701-21-4,kilogram,0.8604868716710634,0.8604868716710636,2.221557105636704e-16,2.581744334253985e-16,emission
"Titanium, ion",water,ocean,022541-75-9,kilogram,0.8922721654773569,0.8922721654773565,3.332335658455056e-16,3.7346627939159e-16,emission
Antimony,air,"low population density, long-term",007440-36-0,kilogram,1.047042067085476,1.047042067085476,0.0,0.0,emission
Beryllium,air,"low population density, long-term",007440-41-7,kilogram,1.248664183937134,1.248664183937134,0.0,0.0,emission
Barium,soil,agricultural,007440-39-3,kilogram,1.32942345879047,1.331300302859606,0.007272038823314257,0.005470069581839989,emission
Strontium,soil,agricultural,007440-24-6,kilogram,1.43194155104328,1.431987982613077,0.0001636680989514276,0.00011429803041345,emission
Cesium,water,ocean,007440-46-2,kilogram,1.434144809017767,1.434144809017767,4.443114211273408e-16,3.098093151636798e-16,emission
Arsine,air,urban air close to ground,007784-42-1,kilogram,1.710545150463584,1.792779237524349,0.5533134542574444,0.3234719961104142,emission
Benzal chloride,water,surface water,000098-87-3,kilogram,1.846179208291532,1.848550197651047,0.01242335726849253,0.006729226075506067,emission
Bromine,air,"low population density, long-term",007726-95-6,kilogram,1.852663618053144,1.852663618053143,6.664671316910112e-16,3.597345601201813e-16,emission
Diethylene glycol,air,urban air close to ground,000111-46-6,kilogram,1.935394803038303,2.184868783932231,1.238844135990887,0.6400989266097399,emission
Acrylic acid,air,urban air close to ground,000079-10-7,kilogram,2.224183131398917,2.224183131398917,4.443114211273408e-16,1.997638660481557e-16,emission
4-Methyl-2-pentanone,water,surface water,000108-10-1,kilogram,2.449017505930057,2.454111607159492,0.04585934505507937,0.0187256093286534,emission
Sodium hydroxide,air,urban air close to ground,001310-73-2,kilogram,2.475996211529834,2.475996211529833,8.886228422546815e-16,3.588950734725202e-16,emission
Ethyl cellulose,air,urban air close to ground,009004-57-3,kilogram,2.494525731985621,2.494525731985621,0.0,0.0,emission
Methyl acrylate,air,urban air close to ground,000096-33-3,kilogram,2.523740515711674,2.523740515711673,8.886228422546815e-16,3.52105470717974e-16,emission
"Dibenz(a,h)anthracene",water,surface water,00053-70-3,kilogram,2.291676298594693,2.556549384450893,1.229299804940518,0.5364194784814734,emission
Cadmium,air,"low population density, long-term",007440-43-9,kilogram,2.581356943590116,2.581356943590115,4.443114211273408e-16,1.721232014156859e-16,emission
"Benzene, hexachloro-",water,,000118-74-1,kilogram,2.304466692542653,2.603711241496465,1.260000776988181,0.5467645859519664,emission
Glyphosate,water,,001071-83-6,kilogram,2.522646599994997,2.633045965265316,0.7812819570504077,0.3097072562807479,emission
Benzal chloride,air,,000098-87-3,kilogram,2.149381624791822,2.739289400073832,2.16427217265733,1.00692782877352,emission
Thallium,soil,industrial,007440-28-0,kilogram,1.702979099425832,2.793042038169421,3.288481440923787,1.931016911500861,emission
"Dioxins, measured as 2,3,7,8-tetrachlorodibenzo-p-dioxin",air,non-urban air or from high stacks,001746-01-6,kilogram,2.652110285090804,2.85655509690888,0.8113798246849092,0.3059374375365121,emission
"Radioactive species, other beta emitters",air,,,kilo Becquerel,2.924115369558204,2.927679911226362,0.1944739201898507,0.0665069245264537,emission
Penflufen,water,ground-,494793-67-8,kilogram,3.138508380254037,3.233805616313544,0.6711678017934377,0.2138492941475313,emission
Benzo(ghi)perylene,air,,191-24-2,kilogram,3.094147403091571,3.325076365363218,1.171849621998401,0.3787310264622581,emission
"Indeno(1,2,3-cd)pyrene",air,,193-39-5,kilogram,3.232242158366589,3.503164981442809,1.226103434648762,0.3793352646784278,emission
Platinum,air,urban air close to ground,007440-06-4,kilogram,2.64030727495642,3.583801939498643,3.096619411010784,1.172825390583335,emission
Benzo(ghi)perylene,water,surface water,00191-24-2,kilogram,3.229720408429745,3.652936305639645,1.83155425962817,0.5670937505450052,emission
Beryllium,soil,industrial,007440-41-7,kilogram,2.040549326491909,3.793840889675029,6.258607041150555,3.067118721364254,emission
Tungsten,air,"low population density, long-term",007440-33-7,kilogram,3.92735827237868,3.927358272378681,1.777245684509363e-15,4.525295532645511e-16,emission
Thiamethoxam,water,ground-,153719-23-4,kilogram,3.947004686847672,4.050454060362242,0.846343107671268,0.214426679170531,emission
"Benzene, pentachloro-",water,,000608-93-5,kilogram,3.769695167958832,4.288232925682876,2.269145899089184,0.6019441355301558,emission
Uranium,air,"low population density, long-term",007440-61-1,kilogram,4.110581206299074,4.663204553333651,2.628535096084274,0.6394558248980204,emission
Thiamethoxam,air,"low population density, long-term",153719-23-4,kilogram,4.665362753159716,4.757006040697314,0.9298637905789429,0.1993122163864263,emission
Selenium,air,"low population density, long-term",007782-49-2,kilogram,4.886585594276962,4.886585594276963,8.886228422546815e-16,1.818494376309325e-16,emission
"Pyrite, in ground",natural resource,in ground,001309-36-0,kilogram,4.665190863616141,5.063869852332913,1.991324078982069,0.426847290324694,natural resource
"Kieserite, in ground",natural resource,in ground,014567-64-7,kilogram,4.654355759170633,5.074706477008451,2.091979455892638,0.4494670291953384,natural resource
"Acrylate, ion",water,surface water,000079-10-7,kilogram,5.264089483798618,5.264089483798618,0.0,0.0,emission
Silicon,water,ocean,007440-21-3,kilogram,5.42412422187947,5.424124221879469,1.777245684509363e-15,3.276557858576373e-16,emission
Plutonium-238,air,non-urban air or from high stacks,013981-16-3,kilo Becquerel,4.717193624543206,5.595553177705728,3.406992836154143,0.7222499450579712,emission
Chlorfenapyr,soil,agricultural,122453-73-0,kilogram,5.528463088730014,5.612497753335263,1.032586731670972,0.1867764539797581,emission
Anthracene,air,,120-12-7,kilogram,5.038413940744531,5.65352109940565,2.605041544445979,0.5170360306007389,emission
"Dibenz(a,h)anthracene",air,,53-70-3,kilogram,5.481337689199457,6.082302182766424,2.632093680264278,0.4801918490536736,emission
Chromium VI,air,"low population density, long-term",018540-29-9,kilogram,6.262544328272749,6.26254432827275,1.777245684509363e-15,2.837897173016161e-16,emission
Pendimethalin,water,surface water,040487-42-1,kilogram,6.342363510162151,6.711095708511237,1.996468532072847,0.3147830503366725,emission
Platinum,air,non-urban air or from high stacks,007440-06-4,kilogram,6.281963572661949,6.785618155100517,2.343975237099049,0.3731277983367551,emission
Ethephon,air,non-urban air or from high stacks,016672-87-0,kilogram,8.367986864868787,8.839710116366598,2.546432560460708,0.3043064719844822,emission
"Pumice, in ground",natural resource,in ground,,kilogram,8.672999701393838,9.112659471355675,2.863164587993104,0.3301239117456634,natural resource
Phosphorus trichloride,air,urban air close to ground,007719-12-2,kilogram,9.261147582206576,9.304088779404612,0.3361022328564914,0.03629163987217351,emission
Ammonium sulfate,water,,007783-20-2,kilogram,10.55614420769875,11.03851653468928,3.062628084995094,0.2901275337600519,emission
Selenium,soil,industrial,007782-49-2,kilogram,7.222733825067493,11.32492660836611,12.05012931545613,1.668361261442932,emission
Benzo(k)fluoranthene,water,surface water,00207-08-9,kilogram,10.78830978677378,12.12887599450942,6.290109858157708,0.5830486871881673,emission
"Volume occupied, final repository for radioactive waste",natural resource,in ground,,cubic meter,12.2268661037058,12.32682578675306,0.8436837594170966,0.06900245347099919,natural resource
Plutonium-alpha,air,non-urban air or from high stacks,007440-07-5,kilo Becquerel,10.44500327994228,12.51170226931708,7.871439290744614,0.7536081205316872,emission
"Transformation, from seabed, infrastructure",natural resource,land,,square meter,13.12148982532799,13.12148982532799,5.33173705352809e-15,4.063362563629328e-16,natural resource
"Transformation, to seabed, unspecified",natural resource,land,,square meter,13.12148982532799,13.12148982532799,5.33173705352809e-15,4.063362563629328e-16,natural resource
Glutaraldehyde,water,ocean,000111-30-8,kilogram,13.57519658103938,13.57519658103939,5.33173705352809e-15,3.927557897006798e-16,emission
Benzo(k)fluoranthene,air,,207-08-9,kilogram,13.13008203098405,13.79580978793411,4.363434291719339,0.3323234600836927,emission
Rubidium,water,ocean,007440-17-7,kilogram,14.34144810438641,14.34144810438641,1.777245684509363e-15,1.23923725942695e-16,emission
"Methane, dichlorodifluoro-, CFC-12",air,non-urban air or from high stacks,000075-71-8,kilogram,15.2458442117303,15.66794782329681,3.132812835572511,0.2054863471031728,emission
"Dioxins, measured as 2,3,7,8-tetrachlorodibenzo-p-dioxin",air,urban air close to ground,001746-01-6,kilogram,14.45470924671464,16.26002378945331,7.104221314050345,0.4914814399096292,emission
Boron,air,"low population density, long-term",007440-42-8,kilogram,16.34481717538698,16.34481717538699,7.108982738037452e-15,4.349380394870731e-16,emission
Molybdenum,air,"low population density, long-term",007439-98-7,kilogram,16.92477382066063,16.92477382066062,1.066347410705618e-14,6.300512030499883e-16,emission
"Hydrocarbons, aliphatic, unsaturated",water,ocean,,kilogram,17.20973737008361,17.20973737008361,7.108982738037452e-15,4.130790950009086e-16,emission
"Dioxins, measured as 2,3,7,8-tetrachlorodibenzo-p-dioxin",air,,001746-01-6,kilogram,15.89111297911661,17.38875635908178,5.974284666173003,0.375951305237345,emission
Phosphorus,air,"low population density, long-term",007723-14-0,kilogram,17.49000455783046,17.49000455783047,7.108982738037452e-15,4.064597418789513e-16,emission
"2,4-D ester",water,surface water,053467-11-1,kilogram,16.79531769378895,17.64863573355271,5.021483059281885,0.2989811297906483,emission
Deltamethrin,water,ground-,052918-63-5,kilogram,18.29115214662441,18.61231847481561,3.80145108658142,0.207830051169465,emission
Mercury,air,lower stratosphere + upper troposphere,007439-97-6,kilogram,16.54533090030277,18.74272570370412,9.061341753376603,0.5476676053188385,emission
Benzo(b)fluoranthene,air,,205-99-2,kilogram,17.95840626851512,19.27606107663827,6.950440038092474,0.3870298919719878,emission
Benz(a)anthracene,air,,56-55-3,kilogram,19.00071462554653,20.04043175572415,6.085798543083103,0.3202931396538489,emission
Sulfuric acid,air,"low population density, long-term",007664-93-9,kilogram,20.37932900103069,20.45085835736003,1.969735486439448,0.09665359867048755,emission
Dichlorprop,water,surface water,000120-36-5,kilogram,20.6490640211896,21.46686199778243,6.221036870195609,0.301274520908634,emission
Deltamethrin,air,"low population density, long-term",052918-63-5,kilogram,21.48763159478228,22.01164764275497,4.64110590050629,0.2159896440905691,emission
Cypermethrin,air,non-urban air or from high stacks,052315-07-8,kilogram,22.17416183970062,23.45102974496147,7.890096648413775,0.3558238956426911,emission
Benzo(b)fluoranthene,water,surface water,00205-99-2,kilogram,22.72376135194712,25.38627412853249,12.05062994529062,0.5303096507065739,emission
Chrysene,air,,218-01-9,kilogram,24.16506897686011,26.28153926916676,11.00432696665436,0.455381566557573,emission
Benzo(a)pyrene,water,surface water,000050-32-8,kilogram,23.48404374446744,26.5549677323157,13.25078930213962,0.5642464920574568,emission
Penflufen,soil,agricultural,494793-67-8,kilogram,28.46051174721683,28.85482277727691,5.164358062223639,0.181456964234969,emission
Methomyl,air,non-urban air or from high stacks,016752-77-5,kilogram,29.16179072386269,30.11525922085812,8.428765193633899,0.2890345546145339,emission
"Ethene, chloro-",water,surface water,000075-01-4,kilogram,30.96296732140309,30.96296735584027,4.852854385382215e-07,1.567309210066468e-08,emission
Pyraclostrobin,water,surface water,175013-18-0,kilogram,30.24021845920857,31.50481073176122,9.569551937914655,0.3164511510002201,emission
Pyraflufen-ethyl,air,,129630-19-9,kilogram,31.53026239255385,32.41370935523302,6.473374718759097,0.2053067189281571,emission
Carbaryl,water,ground-,000063-25-2,kilogram,31.20609653129872,32.47385365944434,9.14305883805743,0.292989506998648,emission
Diflufenzopyr,water,ground-,109293-97-2,kilogram,33.32871147914332,33.99544779550933,6.994859440417715,0.2098748835458283,emission
"Benzene, ethyl-",water,ocean,000100-41-4,kilogram,34.41947420458407,34.41947420458407,0.0,0.0,emission
Scandium,air,"low population density, long-term",007440-20-2,kilogram,34.7624286214338,34.76242862143379,7.108982738037452e-15,2.045019010453775e-16,emission
Dimethenamid,water,surface water,087674-68-8,kilogram,33.61208314011983,35.13882452588144,9.995020037532253,0.2973638972587827,emission
Tebuconazole,water,ground-,107534-96-3,kilogram,35.18202974642335,36.05313886323928,7.502977030328487,0.2132616305655659,emission
Scandium,air,,007440-20-2,kilogram,36.29020463310532,36.47936368889749,4.171909992709562,0.1149596712084612,emission
Uranium,air,non-urban air or from high stacks,007440-61-1,kilogram,32.97060318172554,37.15465511138272,16.45470483138792,0.4990719987952236,emission
Strontium,air,"low population density, long-term",007440-24-6,kilogram,39.15415629905344,39.15415629905345,7.108982738037452e-15,1.815639362457496e-16,emission
"Indeno(1,2,3-cd)pyrene",water,surface water,00193-39-5,kilogram,35.18109707685134,39.19316884799596,19.50519036556537,0.554422459395091,emission
"Benzene, hexachloro-",air,urban air close to ground,000118-74-1,kilogram,39.33065062539023,39.69998183549326,3.902888003746504,0.09923273430994203,emission
Diflufenzopyr,air,"low population density, long-term",109293-97-2,kilogram,39.40416879519611,40.18199724882103,8.332594242342582,0.2114647890595382,emission
Fluosilicic acid,air,urban air close to ground,016961-83-4,kilogram,46.46235240063307,46.46311587477322,0.003710829441052917,7.986744642318962e-05,emission
Methyl acrylate,water,surface water,000096-33-3,kilogram,49.30201112266491,49.3020111226649,7.108982738037452e-15,1.441925506923052e-16,emission
Chlorpyrifos,water,ground-,002921-88-2,kilogram,48.36649431038167,49.65631895867892,10.35322530249022,0.2140577986911892,emission
"Ethane, 1,1,1-trifluoro-, HFC-143a",air,non-urban air or from high stacks,000420-46-2,kilogram,63.75792345942973,65.7292407846898,16.09527914202861,0.2524435908310331,emission
MCPB,water,ground-,000094-81-5,kilogram,67.29676741481558,67.35773206756419,5.954854411053569,0.08848648515831373,emission
"2,4-DB",water,surface water,000094-82-6,kilogram,66.02927645812184,67.44797929876175,13.61967858000595,0.2062672697715239,emission
Barium,air,"low population density, long-term",007440-39-3,kilogram,68.1121341837276,68.11213418372758,2.843593095214981e-14,4.174870056992477e-16,emission
Thorium,air,non-urban air or from high stacks,007440-29-1,kilogram,61.61126336252198,68.1971333790049,27.8589914899521,0.4521736768491371,emission
"Feldspar, in ground",natural resource,in ground,068476-25-5,kilogram,83.25111633672678,83.25111633672675,2.843593095214981e-14,3.415681639286933e-16,natural resource
Chromium IV,air,urban air close to ground,015723-28-1,kilogram,83.32629285762526,83.35609811659303,4.22707814754714,0.05072922366496851,emission
Fluosilicic acid,water,surface water,016961-83-4,kilogram,83.63275388718688,83.63519252044345,0.01050558473464934,0.0001256156738401851,emission
Molybdenum,soil,industrial,007439-98-7,kilogram,43.08374364298105,84.05989943294091,150.6288093697162,3.49618665030414,emission
"2,4-D amines",water,surface water,002008-39-1,kilogram,80.48880640251477,84.09628605172765,23.5042341175742,0.2920186690312236,emission
Flumiclorac-pentyl,soil,agricultural,087546-18-7,kilogram,81.08433613146173,84.51760828939773,24.97085197624377,0.3079614777354608,emission
Dimethyl hexynediol,water,,000142-30-3,kilogram,88.85480331863035,89.26780673023916,8.968051404545863,0.1009292809122173,emission
"Phenol, pentachloro-",soil,,000087-86-5,kilogram,87.58571841993546,90.18945672502008,15.9526587050219,0.1821376703052869,emission
Methomyl,soil,agricultural,016752-77-5,kilogram,91.28635946884125,94.74020173584658,27.09964406778134,0.2968641122886629,emission
Bromoxynil,water,surface water,001689-84-5,kilogram,91.03736549934155,94.944082021429,27.31818718417997,0.3000766447308666,emission
"Benzene, pentachloro-",air,urban air close to ground,000608-93-5,kilogram,98.39935644060748,99.44429853400082,10.33187481668329,0.1049994145329545,emission
Phosphoric acid,air,non-urban air or from high stacks,007664-38-2,kilogram,99.52657458920314,100.50079942368,11.095735565637,0.111485154708024,emission
Hydrogen,air,non-urban air or from high stacks,001333-74-0,kilogram,102.2210353806852,105.1463349397287,24.01954958727457,0.2349765828317281,emission
Pyrene,air,,129-00-0,kilogram,105.3019060842284,112.4736292230637,36.17078820541541,0.3434960443781833,emission
Thorium,air,,007440-29-1,kilogram,112.0623193957787,113.2283603226884,12.85577743607287,0.1147198942997884,emission
Dicamba,water,surface water,001918-00-9,kilogram,113.6382787911451,117.9968956356483,32.83630445578452,0.2889546093542486,emission
Arsenic,soil,industrial,007440-38-2,kilogram,93.66475673230347,120.1332322329538,103.6332383669188,1.106427240964342,emission
Zeta-cypermethrin,soil,agricultural,052315-07-8,kilogram,117.0175081604439,120.6219490962376,33.78804423599386,0.2887434946031044,emission
Phosphine,air,urban air close to ground,007803-51-2,kilogram,129.0000854416822,134.8389966790686,41.7249574215431,0.3234490681047335,emission
Chrysene,water,surface water,00218-01-9,kilogram,123.6822035311442,137.9547891474936,66.74479139742544,0.539647495693417,emission
"Volume occupied, final repository for low-active radioactive waste",natural resource,in ground,,cubic meter,141.0095358186705,141.0974568612689,0.8045326651175938,0.005705519562536342,natural resource
Iodide,water,ocean,020461-54-5,kilogram,143.4144779279957,143.4144779279957,0.0,0.0,emission
"Volume occupied, underground deposit",natural resource,in ground,,cubic meter,146.8566358941451,146.8567537420967,0.001737790655306821,1.183324570065345e-05,natural resource
Metolachlor,water,surface water,051218-45-2,kilogram,151.0174485349643,157.5483698293272,45.73580344419348,0.3028511201048698,emission
Nitrate,air,non-urban air or from high stacks,014797-55-8,kilogram,169.4607626496657,169.4607626496657,2.843593095214981e-14,1.678024488237243e-16,emission
Uranium,air,,007440-61-1,kilogram,178.519969623967,179.3359480105762,19.53867815486771,0.1094481373485768,emission
Polychlorinated biphenyls,air,urban air close to ground,,kilogram,173.9320767998951,182.2750152184639,50.23829968359978,0.2888386122210098,emission
Lambda-cyhalothrin,water,ground-,091465-08-6,kilogram,179.1012930841989,182.8642915634529,38.59271648291062,0.2154798316546351,emission
Antimony,soil,industrial,007440-36-0,kilogram,130.8097194089739,186.3828206933514,175.6226565362524,1.342581096647504,emission
"Hydrocarbons, aliphatic, alkanes, unspecified",water,ocean,,kilogram,186.4388251835513,186.4388251835513,2.843593095214981e-14,1.525215089944613e-16,emission
Boron trifluoride,air,urban air close to ground,007637-07-2,kilogram,182.7440883190837,194.6770979198377,68.27767976275703,0.373624560940869,emission
Bromine,soil,industrial,007726-95-6,kilogram,139.6052477886581,202.9384775747716,181.3477834478269,1.299004058374374,emission
"Methane, tetrachloro-, R-10",water,,000056-23-5,kilogram,180.5668810420264,205.0641179286029,103.314791733546,0.5721691106216751,emission
Scandium,air,non-urban air or from high stacks,007440-20-2,kilogram,152.4626213147612,207.4439383539456,196.0127415549983,1.285644572188794,emission
Ruthenium-103,air,non-urban air or from high stacks,013968-53-1,kilo Becquerel,213.0724519687427,213.9788181224041,14.2637160141291,0.0669430322049401,emission
Lambda-cyhalothrin,air,non-urban air or from high stacks,091465-08-6,kilogram,210.2593982438354,214.6424644089298,44.39506792032707,0.2111442736502205,emission
Chlorantraniliprole,water,ground-,500008-45-7,kilogram,212.7490454493735,216.7093610221917,43.78232537909321,0.2057932870467887,emission
Benz(a)anthracene,water,surface water,0056-55-3,kilogram,195.7294983717615,218.4134370208287,106.6683272848896,0.5449782897940486,emission
Manganese,air,"low population density, long-term",007439-96-5,kilogram,226.0114101314213,226.0114101314213,8.530779285644943e-14,3.774490535979779e-16,emission
"Methane, chlorodifluoro-, HCFC-22",air,,000075-45-6,kilogram,233.6718832868991,234.9531709248836,26.27046384556501,0.1124245821792368,emission
Bromopropane,water,,000106-94-5,kilogram,260.1540016864104,260.5165740286578,26.51519023136507,0.1019211315585546,emission
Paraffins,air,"low population density, long-term",008002-74-2,kilogram,271.3647481636917,275.7650380330531,45.19020794518062,0.1665293972447782,emission
Silver,air,non-urban air or from high stacks,007440-22-4,kilogram,248.7149322311718,281.9412199207016,163.1305461981974,0.6558936559811105,emission
Acifluorfen,soil,agricultural,050594-66-6,kilogram,276.345064635904,287.4441757949197,84.33686423039842,0.3051867936976392,emission
4-Methyl-2-pentanone,air,non-urban air or from high stacks,000108-10-1,kilogram,290.5669964710384,294.6234009245304,45.26346693446423,0.1557763527317039,emission
Ethaboxam,water,ground-,162650-77-3,kilogram,295.4481610327476,299.623864065484,61.69937752349522,0.2088331750240829,emission
Methyl parathion,soil,agricultural,000298-00-0,kilogram,307.2063161359958,320.723849434748,93.2472314354902,0.303532924089396,emission
Fludioxonil,water,ground-,131341-86-1,kilogram,318.0754761680425,325.5849635618707,65.95673911285081,0.2073619126738497,emission
"Ethene, tetrachloro-",air,,000127-18-4,kilogram,246.9159976530357,325.6820133368829,267.1166341683565,1.081811776909273,emission
Fluoranthene,air,,206-44-0,kilogram,313.1050172553335,334.1523351522905,121.0916478983785,0.3867445145397643,emission
Pentane,water,,000109-66-0,kilogram,338.5657482231383,339.3041456820068,33.68561437810672,0.0994950450684857,emission
Chloroform,water,,000067-66-3,kilogram,296.2027000846656,339.4238729184717,169.2117775825555,0.5712702062951776,emission
Glyphosate,soil,industrial,001071-83-6,kilogram,360.721830170027,360.7220158534501,0.001359227173471305,3.768075729796088e-06,emission
Platinum,air,"low population density, long-term",007440-06-4,kilogram,303.9143632423318,376.7375495692687,276.3082007890169,0.9091646667870626,emission
Bentazone,water,ground-,025057-89-0,kilogram,379.8273441126974,380.9141022451577,7.663043480464521,0.02017507059257651,emission
Fludioxonil,air,"low population density, long-term",131341-86-1,kilogram,374.8508040523096,382.9907567651169,78.12911384446689,0.2084272275792268,emission
"Perlite, in ground",natural resource,in ground,130885-09-5,kilogram,383.1603149076115,384.6654997549796,5.445604408509105,0.01421233931760956,natural resource
Imazaquin,soil,agricultural,081335-37-7,kilogram,384.3562785643172,403.1238865016691,116.0012979438307,0.3018066945000337,emission
Chlorine,air,"low population density, long-term",007782-50-5,kilogram,406.369303632893,407.5314434701655,20.95808471991571,0.05157398586102083,emission
Lactofen,soil,agricultural,077501-63-4,kilogram,395.4761764726014,407.7814848898697,116.1218477243789,0.2936253929632695,emission
Silver,air,,007440-22-4,kilogram,406.8292957449287,410.7431960964756,57.91353586711135,0.1423534058948931,emission
Boron,soil,industrial,007440-42-8,kilogram,315.2326628073013,435.9873568022208,441.3774191081589,1.400163977861548,emission
Acenaphthene,air,non-urban air or from high stacks,000083-32-9,kilogram,434.9307184450319,437.0454635918229,33.77776494806051,0.07766240349456824,emission
"Phenol, pentachloro-",air,urban air close to ground,000087-86-5,kilogram,415.5157489761349,451.3463410594126,140.4411701775647,0.3379924118968375,emission
Thorium,air,"low population density, long-term",007440-29-1,kilogram,400.8504712757039,454.3703809279622,255.4366386157023,0.6372367177286257,emission
Polychlorinated biphenyls,water,,,kilogram,446.2543140080177,455.971577860852,84.27114846538683,0.1888410841533574,emission
"VOC, volatile organic compounds, unspecified origin",water,ocean,,kilogram,501.9506635188001,501.9506635188001,5.687186190429962e-14,1.133016968353296e-16,emission
Nitrogen dioxide,water,surface water,10102-44-0,kilogram,495.6324943205178,502.3817829810634,78.32972390280916,0.1580399283751452,emission
Pyroxasulfone,water,ground-,447399-55-5,kilogram,492.4191281073919,503.1559479322091,104.558302767445,0.2123359894025925,emission
Iodosulfuron,soil,agricultural,185119-76-0,kilogram,492.5522089979034,506.0187548715978,110.9396115423587,0.2252342178468048,emission
Flumioxazin,water,ground-,103361-09-7,kilogram,499.5475895143826,509.117314707573,102.9272042959413,0.2060408386636362,emission
"AOX, Adsorbable Organic Halogen as Cl",water,ocean,,kilogram,504.7950271071007,515.1107256192317,111.8357493542687,0.2215468523831969,emission
Sedaxane,water,ground-,874967-67-6,kilogram,503.3001407179943,516.1124067974162,105.0464393143606,0.20871529891588,emission
"Ethene, chloro-",air,urban air close to ground,000075-01-4,kilogram,526.7497414932819,538.1671473452562,83.61062520586675,0.1587293141688862,emission
Benzaldehyde,water,,000100-52-7,kilogram,535.8325660248879,542.1551894476428,57.34544145105937,0.107021194841666,emission
Thallium,water,ocean,007440-28-0,kilogram,438.5064867301055,544.8390023324527,421.0575689726843,0.9602083018485408,emission
"Cyhalothrin, gamma-",soil,agricultural,076703-62-3,kilogram,553.1951299589912,573.3136880203001,167.0342810162045,0.3019445977924406,emission
Fluorine,air,"low population density, long-term",007782-41-4,kilogram,591.7573603881887,591.7573603881885,1.137437238085992e-13,1.922134500092811e-16,emission
Nitrate,air,"low population density, long-term",014797-55-8,kilogram,597.6741331638508,597.6741331638508,0.0,0.0,emission
Diflubenzuron,air,non-urban air or from high stacks,035367-38-5,kilogram,594.0950464076534,610.3351529525618,146.9592339972783,0.2473665365262758,emission
Glufosinate ammonium,water,ground-,77182-82-2,kilogram,619.311225660434,635.9959250386615,129.6568264489506,0.2093564932731268,emission
Chromium,soil,industrial,007440-47-3,kilogram,565.8848380755533,639.1165169558641,283.6387032109675,0.5012304344035065,emission
Thifensulfuron,air,non-urban air or from high stacks,079277-67-1,kilogram,637.6646542042415,658.4660052796534,164.1275757866402,0.2573885422447624,emission
Titanium,air,"low population density, long-term",007440-32-6,kilogram,677.208829573385,677.2088295733848,1.137437238085992e-13,1.679595995230206e-16,emission
Cyanide,air,,000057-12-5,kilogram,678.7084645376364,680.8044110045324,45.90485715514792,0.06763560431859379,emission
Metalaxyl-M,water,ground-,070630-17-0,kilogram,676.5451760755914,690.4699000602598,142.5876923275208,0.2107585677494939,emission
Strontium,soil,industrial,007440-24-6,kilogram,570.4121567554046,698.7141115463609,457.8418632915118,0.8026509566272034,emission
Sodium,air,"low population density, long-term",007440-23-5,kilogram,729.3809741270499,729.3809741270502,3.412311714257977e-13,4.678366773059797e-16,emission
Mercury,water,ocean,007439-97-6,kilogram,668.8618587271762,730.5861306895607,327.8284640193318,0.4901288057345344,emission
Glufosinate ammonium,air,"low population density, long-term",77182-82-2,kilogram,726.8636903807517,742.5005968549056,145.9825923187275,0.2008390214708038,emission
"Hydrocarbons, aliphatic, alkanes, unspecified",air,"low population density, long-term",,kilogram,743.383750421551,748.5371986457357,74.51143286150104,0.1002327974202393,emission
Metalaxyl-M,air,"low population density, long-term",070630-17-0,kilogram,804.3572374611341,819.7424981343968,165.6481506130715,0.2059385343953911,emission
"Ethane, pentafluoro-, HFC-125",air,non-urban air or from high stacks,000354-33-6,kilogram,822.9038087711741,850.6806755981484,209.8643435022816,0.2550290097887235,emission
Acrinathrin,soil,agricultural,101007-06-1,kilogram,854.6839942943024,854.7217548306918,0.2671761229748449,0.0003126022304833818,emission
"Thiocyanate, ion",water,ocean,071048-69-6,kilogram,870.5220358029507,893.96531160658,166.2766287180475,0.1910079491148981,emission
Chromium,air,"low population density, long-term",007440-47-3,kilogram,784.4140324098728,900.2642803341931,495.4148370307644,0.631573144489465,emission
"Hydrocarbons, aromatic",water,ocean,,kilogram,902.5487862967665,902.5487862967663,2.274874476171985e-13,2.520500288417633e-16,emission
Acenaphthylene,water,surface water,000208-96-8,kilogram,849.8511503150803,935.4266204997008,394.687552505301,0.4644196249648794,emission
t-Butyl methyl ether,water,surface water,001634-04-4,kilogram,807.1565846426329,965.0161993058305,622.9139139177544,0.771738626394962,emission
Nitric acid,soil,industrial,7697-37-2,kilogram,959.6783120496419,979.7831755231301,150.7528305613666,0.1570868369833166,emission
Propiconazole,water,ground-,060207-90-1,kilogram,960.6146483218416,980.8801821465937,191.9897925165873,0.1998614042082185,emission
Bromine,water,ocean,007726-95-6,kilogram,1003.901326871862,1003.901326871861,4.549748952343969e-13,4.532067874161402e-16,emission
"Methane, tetrafluoro-, R-14",air,urban air close to ground,000075-73-0,kilogram,998.9294568105748,1021.343459877171,181.8790841918189,0.1820740022749257,emission
Atrazine,water,surface water,001912-24-9,kilogram,1037.116814997344,1070.808204496085,302.5829267222344,0.2917539493591273,emission
Carfentrazone ethyl ester,water,ground-,128639-02-1,kilogram,1067.480055409236,1091.095757672277,225.1832574517182,0.21094844471393,emission
Flumetsulam,air,non-urban air or from high stacks,098967-40-9,kilogram,1092.790111846468,1116.872012303437,262.3633365277815,0.2400857526835331,emission
Beta-cyfluthrin,air,non-urban air or from high stacks,068359-37-5,kilogram,1127.557114977923,1147.104319254231,272.8054768634388,0.2419438210620312,emission
Thiram,water,ground-,000137-26-8,kilogram,1202.942326695246,1224.136031853301,257.7145235093026,0.2142368073599194,emission
Tin,soil,industrial,007440-31-5,kilogram,895.0460182021494,1252.540434045246,1275.018111346349,1.424527996792206,emission
"Xenon, in air",natural resource,in air,007440-63-3,kilogram,1250.092173102918,1311.917441947422,388.0334082306516,0.3104038378766056,natural resource
Barium,water,ocean,007440-39-3,kilogram,1368.587040793589,1370.495743429095,25.46563907626117,0.01860724843740641,emission
Fluorene,air,,86-73-7,kilogram,1327.796236211662,1433.574774969783,571.3732997383568,0.4303170050914912,emission
Thiram,air,"low population density, long-term",000137-26-8,kilogram,1405.48981157717,1440.49191183124,293.7219728475279,0.2089819295935897,emission
Carboxin,water,ground-,005234-68-4,kilogram,1410.60461821723,1447.0074201596,295.4207528514904,0.2094284599924628,emission
Saflufenacil,water,ground-,372137-35-4,kilogram,1427.89103004945,1450.196108470708,287.5677050490858,0.2013933129330793,emission
"Ulexite, in ground",natural resource,in ground,001319-33-1,kilogram,1465.706371114652,1465.706371114652,4.549748952343969e-13,3.104133980726263e-16,natural resource
Thallium,air,non-urban air or from high stacks,007440-28-0,kilogram,1273.589381410356,1523.104272665418,989.790046086149,0.7771657494427824,emission
Lead,air,"low population density, long-term",007439-92-1,kilogram,1323.570172948983,1550.531170083321,928.3962745391084,0.7014333607039464,emission
2-chlorobenzaldehyde,water,,000089-98-5,kilogram,1643.838036171092,1650.662776417329,171.6783822648496,0.1044375288119815,emission
Acenaphthylene,air,,000208-96-8,kilogram,1565.370205238426,1668.787629584099,549.4007113686266,0.3509717442749883,emission
Phosphorus,water,ocean,007723-14-0,kilogram,1655.058759843159,1681.192741436202,346.4233327565846,0.2093118027963027,emission
Potassium,air,"low population density, long-term",007440-09-7,kilogram,1692.623367493945,1692.623367493946,4.549748952343969e-13,2.687986612804602e-16,emission
Cu-HDO,water,,312600-89-8,kilogram,1680.113327756681,1714.744438257613,378.4507966506058,0.2252531364392665,emission
Mandipropamid,soil,agricultural,374726-62-2,kilogram,1688.933518935318,1731.03920599644,410.3549941649352,0.2429669312405013,emission
Quizalofop-ethyl,water,ground-,76578-14-8,kilogram,1713.177099965152,1749.112916415149,362.3148764192964,0.2114871115348591,emission
Trifluralin,water,ground-,001582-09-8,kilogram,1789.253028876657,1835.250449900505,388.8221748296236,0.2173097759536766,emission
Antimony-124,air,non-urban air or from high stacks,014683-10-4,kilo Becquerel,1841.663199180035,1848.779684147809,93.97934347687077,0.05102960384869135,emission
Carfentrazone-ethyl,air,non-urban air or from high stacks,128639-02-1,kilogram,1857.774000668422,1880.517046638747,295.5657119327739,0.1590966995051229,emission
Glyphosate,water,surface water,001071-83-6,kilogram,1828.964878771865,1895.102773199706,385.8707754716524,0.2109776846730712,emission
Tribenuron,soil,agricultural,106040-48-6,kilogram,1893.199935320555,1952.530620885488,433.3622311354606,0.2289046302244269,emission
Flumiclorac-pentyl,air,non-urban air or from high stacks,087546-18-7,kilogram,1894.01455554956,1959.650296061675,472.4036857081479,0.2494192477687042,emission
Chlorantraniliprole,soil,agricultural,500008-45-7,kilogram,1929.007282552046,1962.067920587053,363.1841475532545,0.1882751562621202,emission
"Benzene, hexachloro-",air,,000118-74-1,kilogram,1901.280726454125,2013.665680473703,635.5313759861067,0.3342648811106227,emission
Tefluthrin,air,non-urban air or from high stacks,079538-32-2,kilogram,2002.218959717704,2085.180101427594,599.5969951846017,0.299466245824153,emission
Mercury,soil,,007439-97-6,kilogram,1421.296766088612,2089.580839706779,2275.751258727575,1.601179509463325,emission
Propiconazole,water,surface water,60207-90-1,kilogram,1939.33748609962,2114.390215559054,914.7250001169846,0.4716688078652428,emission
Tin,air,"low population density, long-term",007440-31-5,kilogram,1731.093475914482,2186.570066777352,1730.82589235274,0.9998454251226379,emission
Silicon,air,"low population density, long-term",007440-21-3,kilogram,2187.462374727709,2187.462374727708,9.099497904687939e-13,4.159842020515039e-16,emission
"Transformation, from dump site, sanitary landfill",natural resource,land,,square meter,2223.574811166485,2223.574825116504,9.174289800283193e-05,4.125919107471077e-08,natural resource
"Transformation, to dump site, sanitary landfill",natural resource,land,,square meter,2223.574812365935,2223.574830586826,9.976452696846217e-05,4.486672830329033e-08,natural resource
tau-Fluvalinate,soil,agricultural,102851-06-9,kilogram,2226.873461030255,2250.05011437114,287.4068893999645,0.1290629640298451,emission
Azoxystrobin,water,ground-,131860-33-8,kilogram,2251.583444218172,2297.158026710319,476.730381323659,0.2117311630389947,emission
Platinum,air,,007440-06-4,kilogram,2180.869033862019,2347.754212516693,847.4320328379783,0.3885753888381334,emission
Thiodicarb,air,non-urban air or from high stacks,059669-26-0,kilogram,2278.967603029042,2357.850524948649,583.716180742801,0.2561318467041686,emission
Rhodium,air,,007440-16-6,kilogram,2178.04420422625,2365.40847303944,862.5947174506557,0.3960409599478686,emission
"Methane, bromo-, Halon 1001",air,urban air close to ground,000074-83-9,kilogram,2397.906489276595,2432.701135567064,306.4744000852,0.1278091541333031,emission
Palladium,air,,007440-05-3,kilogram,2221.920949429519,2452.188051884631,966.2036349956726,0.4348505896412501,emission
Tellurium,air,,013494-80-9,kilogram,2456.113836507091,2476.077292518529,239.8034600522401,0.0976353198650073,emission
"Transformation, from dump site, slag compartment",natural resource,land,,square meter,2518.740968436063,2518.740980441047,6.970100137561904e-05,2.767295337197687e-08,natural resource
"Transformation, to dump site, slag compartment",natural resource,land,,square meter,2518.740969371271,2518.740982214385,7.122491811999913e-05,2.827798451135621e-08,natural resource
Imazethapyr,water,ground-,081335-77-5,kilogram,2487.762737385026,2531.40845978259,521.1868719999155,0.2095002325453886,emission
Polychlorinated biphenyls,air,non-urban air or from high stacks,,kilogram,2251.507512973274,2558.575024881072,1413.79245733851,0.6279314855456545,emission
Selenium,air,lower stratosphere + upper troposphere,007782-49-2,kilogram,2307.512886241069,2624.6362061677,1400.690865734887,0.6070132366699837,emission
Cadmium,air,lower stratosphere + upper troposphere,007440-43-9,kilogram,2412.298406184515,2646.342072434055,1163.182724016319,0.4821885721245,emission
"Phenol, pentachloro-",air,,000087-86-5,kilogram,2641.3866742273,2722.01198788518,485.5287601424177,0.1838158588743741,emission
Ethaboxam,soil,agricultural,162650-77-3,kilogram,2697.987307682833,2732.581901573345,510.8393909885359,0.1893409170361407,emission
"Ethane, 1,2-dichloro-",water,,000107-06-2,kilogram,2485.160648801057,2779.181327034446,1392.402365277774,0.5602866623328864,emission
Zeta-cypermethrin,air,non-urban air or from high stacks,052315-07-8,kilogram,2737.478924653229,2809.256935058156,695.8307960652636,0.2541867226077031,emission
Dimethenamid,water,ground-,087674-68-8,kilogram,2738.68673505788,2864.951091361012,844.8127784306455,0.3084736810589587,emission
Methyl formate,air,,000107-31-3,kilogram,2761.355985276383,2895.315012467277,942.6652130220161,0.3413776485351145,emission
"Talc, in ground",natural resource,in ground,014807-96-6,kilogram,2924.784953500096,2924.912053369947,0.9832425426136576,0.0003361760123379359,natural resource
Imazapyr,soil,agricultural,081334-34-1,kilogram,2933.082664918014,3010.335062942592,594.4368737857147,0.202666253118485,emission
"2,4-D amines",air,non-urban air or from high stacks,002008-39-1,kilogram,3185.167933125399,3298.883089726955,977.4699854108484,0.3068817738761172,emission
Amidosulfuron,soil,agricultural,120923-37-7,kilogram,3251.303166901273,3350.322323938327,746.5080113846014,0.2296027079185229,emission
Chromium VI,air,,018540-29-9,kilogram,3252.228284950143,3385.591247372473,608.2522064796943,0.1870262949542667,emission
Silver,air,"low population density, long-term",007440-22-4,kilogram,3054.323742813681,3719.766571745728,2535.203737725798,0.830037661754329,emission
Imazamox,water,ground-,114311-32-9,kilogram,3771.02507122125,3818.139652954617,772.5095528573044,0.2048539954700239,emission
Aluminium,water,ocean,007429-90-5,kilogram,3813.175714020894,3819.881527715957,76.99876393698975,0.02019281819452179,emission
"Oils, non-fossil",soil,,,kilogram,3880.33623710776,3880.33675017088,0.01013942999150955,2.613028709869496e-06,emission
Bromoxynil,air,non-urban air or from high stacks,001689-84-5,kilogram,3760.723670262818,3918.76014138803,1080.734358254542,0.2873740410124349,emission
Polychlorinated biphenyls,air,,,kilogram,3688.876153584608,3922.197637265088,1351.453214951541,0.3663590640304601,emission
Pendimethalin,water,ground-,040487-42-1,kilogram,3736.647055113972,3926.878031937523,1157.314351537634,0.3097200068584842,emission
Diquat dibromide,water,ground-,85-00-7,kilogram,3860.784630152395,3967.254503328183,814.1476468476773,0.2108762142516975,emission
Vanadium,soil,industrial,007440-62-2,kilogram,3164.694106079518,3999.264909770787,2700.831505593434,0.853425770410169,emission
Cumene,air,non-urban air or from high stacks,000098-82-8,kilogram,4004.165246376259,4033.571335047904,294.7032080145096,0.07359916234256662,emission
Cinidon-ethyl,soil,agricultural,142891-20-1,kilogram,3995.498436466474,4102.769039845302,901.8594261815942,0.2257188785134847,emission
Lithium,water,ground-,007439-93-2,kilogram,4167.57052613091,4195.881174849171,488.1372385533548,0.1171275292146122,emission
Lithium,soil,,007439-93-2,kilogram,4175.939489198065,4210.96537685639,487.0925942134484,0.1166426370577003,emission
"Transformation, to seabed, infrastructure",natural resource,land,,square meter,4057.479865164187,4223.735440799402,1229.088265485674,0.3029191287030426,natural resource
Silver-110,air,non-urban air or from high stacks,014391-76-5,kilo Becquerel,4231.371730797006,4274.804987882489,323.1534665081762,0.0763708525432031,emission
Clethodim,water,ground-,099129-21-2,kilogram,4213.453441434189,4293.029440776029,897.3119769792452,0.2129635439080146,emission
Quizalofop-ethyl,air,non-urban air or from high stacks,076578-14-8,kilogram,4303.243715001375,4361.29649309222,704.7122801039372,0.1637630417369266,emission
Silver,air,urban air close to ground,007440-22-4,kilogram,3821.569265478356,4378.860631709021,2381.903956083885,0.623279022468728,emission
Iodosulfuron-methyl-sodium,soil,agricultural,144550-36-7,kilogram,4489.385546688689,4535.883555576395,814.4469974372779,0.1814161401303578,emission
Pyroxasulfone,soil,agricultural,447399-55-5,kilogram,4498.248254688811,4542.694841028227,842.929241882473,0.1873905560912149,emission
"2,4-D ester",water,ground-,053467-11-1,kilogram,4418.537028119574,4596.735353403898,1328.175883075984,0.3005917738435758,emission
Sedaxane,soil,agricultural,874967-67-6,kilogram,4516.185422322136,4607.024064252468,853.7702393846561,0.1890467639270807,emission
Flucarbazone sodium salt,soil,agricultural,181274-17-9,kilogram,4576.756635753954,4621.607915528773,820.8129335282587,0.1793438014850973,emission
Metribuzin,water,ground-,021087-64-9,kilogram,4498.189943330667,4628.540843265671,949.0124404507335,0.2109765155332771,emission
Diquat dibromide,air,"low population density, long-term",85-00-7,kilogram,4583.020076144263,4662.290940087637,943.8032764935899,0.205934789901165,emission
"Methane, bromotrifluoro-, Halon 1301",air,urban air close to ground,000075-63-8,kilogram,4549.553829920069,4670.895704974499,1038.661264180706,0.2282995878299024,emission
MCPA,water,ground-,000094-74-6,kilogram,4705.635614632758,4774.146352540753,863.536613981352,0.1835111523076878,emission
Diafenthiuron,soil,agricultural,080060-09-9,kilogram,4833.218860834938,4845.571324712179,308.4885497653796,0.06382672886286142,emission
Dichlorprop,air,non-urban air or from high stacks,000120-36-5,kilogram,4712.745336003072,4860.914954829865,1422.186607344551,0.3017745509140374,emission
Flufenacet,air,non-urban air or from high stacks,142459-58-3,kilogram,4688.306823985487,4865.639742540963,1145.43361925373,0.244317119646194,emission
Mercury,soil,industrial,007439-97-6,kilogram,2672.378080895397,4872.138956647674,6904.258036634664,2.583563338583195,emission
Titanium,soil,industrial,007440-32-6,kilogram,3945.885516428281,4889.430285297986,3442.623097885159,0.8724589407250055,emission
Dichlorprop,water,ground-,000120-36-5,kilogram,4809.619384863163,5039.922728425026,1478.846191781323,0.3074767613494633,emission
Phenanthrene,air,,85-01-8,kilogram,4682.251346684313,5145.490014194472,1957.635479725003,0.4180970509221557,emission
"Chlorosilane, trimethyl-",air,urban air close to ground,000075-77-4,kilogram,4786.511632753647,5223.592227962174,2214.334581189177,0.462619701169573,emission
"Fungicides, unspecified",water,ocean,,kilogram,5151.586823720992,5289.349300078522,1013.041078715391,0.1966464146640686,emission
Trifloxystrobin,water,ground-,141517-21-7,kilogram,5272.495068655204,5344.53704285478,1046.970387991149,0.1985720943041467,emission
m-Xylene,air,non-urban air or from high stacks,000108-38-3,kilogram,5214.411408262409,5355.496193816996,1205.082055138455,0.2311060560409487,emission
Tebuconazole,air,non-urban air or from high stacks,080443-41-0,kilogram,5165.286395259063,5373.744922285757,1389.418685991118,0.268991606596372,emission
Cobalt,water,ocean,007440-48-4,kilogram,4930.114331293315,5485.246203471113,2283.580365295516,0.4631901436444913,emission
Prohexadione-calcium,soil,agricultural,127277-53-6,kilogram,5544.793328756308,5649.017147769088,1018.800385517804,0.1837400106932966,emission
Glufosinate ammonium,soil,agricultural,077182-82-2,kilogram,5617.42944717198,5675.068354188485,1043.069733424096,0.185684527635539,emission
Nitrobenzene,water,,000098-95-3,kilogram,5612.974419944888,5746.100766905896,1274.24155738621,0.227017168091552,emission
Cloransulam-methyl,air,non-urban air or from high stacks,147150-35-4,kilogram,5604.391791038099,5773.769033696512,1415.568700825395,0.2525820380882383,emission
Fluxapyroxad,water,ground-,907204-31-3,kilogram,5769.063958628194,5831.646746258673,1199.606522733328,0.2079378095538706,emission
Formic acid,air,urban air close to ground,000064-18-6,kilogram,5645.59392663952,5907.196781545063,1990.588475369459,0.3525915078618373,emission
"Terbium, in ground",natural resource,in ground,007440-27-9,kilogram,5942.082141034682,5932.310799117266,207.0034086675545,0.03483684738015241,natural resource
Naphthalene,air,,91-20-3,kilogram,5443.2669226933,6037.004666567448,2716.981402989108,0.4991453554595774,emission
Dimethyl ether,air,,000115-10-6,kilogram,5738.783635984685,6051.19057841516,1872.231766436035,0.3262419155683657,emission
Propamocarb HCl,soil,agricultural,025606-41-1,kilogram,6243.528186251677,6349.832725171908,1293.342244872844,0.2071492602084826,emission
MCPB,air,non-urban air or from high stacks,000094-81-5,kilogram,6360.592824504201,6367.02616556845,555.0747097140294,0.08726776340337375,emission
Acifluorfen,air,non-urban air or from high stacks,050594-66-6,kilogram,6398.798307703563,6585.483993193885,1580.791143888577,0.2470450024945231,emission
Methyl acetate,air,urban air close to ground,000079-20-9,kilogram,6161.939584492422,6594.125631443339,2414.878251311867,0.3919022928087972,emission
Trifloxystrobin,air,non-urban air or from high stacks,141517-21-7,kilogram,6560.902985993818,6676.157633432629,1258.492771389804,0.1918170066035769,emission
Esfenvalerate,air,non-urban air or from high stacks,066230-04-4,kilogram,6637.656485944538,6848.959144459815,1645.960357074269,0.2479731152944786,emission
Benomyl,soil,agricultural,017804-35-2,kilogram,6709.6747222527,6849.474267697868,1235.495343558254,0.1841363992595232,emission
Butadiene,air,urban air close to ground,000106-99-0,kilogram,6470.539447657584,6876.723130689159,2499.934321563372,0.3863563991512917,emission
Thallium,water,ground-,007440-28-0,kilogram,6531.474808977215,6901.250217835622,2179.511035385598,0.3336935530073482,emission
Flupyrsulfuron-methyl,soil,agricultural,144740-54-5,kilogram,7059.941087965312,7243.521976105887,1313.812372562422,0.1860939569031256,emission
Propylamine,air,urban air close to ground,000107-10-8,kilogram,6962.982315598272,7259.111117510523,2153.403070065952,0.3092644749710136,emission
"Ethane, 1,1,2-trichloro-1,2,2-trifluoro-, CFC-113",air,urban air close to ground,000076-13-1,kilogram,6948.93325449584,7286.121634066569,2253.784109530281,0.3243352651390228,emission
Bromopropane,air,,000106-94-5,kilogram,7318.913314219058,7363.589757895809,767.7574531964344,0.1049004709080033,emission
Imazamox,air,non-urban air or from high stacks,114311-32-9,kilogram,7313.989264944006,7412.657506038385,1189.797411979689,0.1626742081345942,emission
Sulfide,water,ocean,018496-25-8,kilogram,7311.255661205889,7433.7982335634,1504.613531786899,0.2057941346204728,emission
Methyl parathion,air,non-urban air or from high stacks,000298-00-0,kilogram,7320.535900407465,7604.157332211891,1899.845476670589,0.2595227320126717,emission
Fluquinconazole,soil,agricultural,136426-54-5,kilogram,7436.107860383247,7668.173371311856,1791.053197594813,0.2408589589100587,emission
"Ethene, chloro-",water,,000075-01-4,kilogram,6898.12429349679,7695.871116512797,3492.386006189791,0.5062805275170585,emission
Carbaryl,air,non-urban air or from high stacks,000063-25-2,kilogram,7660.860713792231,7818.392043518177,1454.465234748449,0.1898566347942996,emission
Prothioconazol,water,ground-,178928-70-6,kilogram,7766.927753258744,7954.151863941855,1649.148872316487,0.2123296269396299,emission
"Methane, dichlorofluoro-, HCFC-21",air,urban air close to ground,000075-43-4,kilogram,7592.484350061426,7964.249951636434,2216.132079122401,0.2918849716304613,emission
"Silver, ion",water,ground-,014701-21-4,kilogram,7267.12729239397,7997.398918143816,2967.192042739318,0.4083032983122348,emission
Sulfuric acid,air,urban air close to ground,007664-93-9,kilogram,7941.341155162972,8045.903079505964,1293.232964788235,0.1628481813739301,emission
Tributyltin compounds,water,ocean,056573-85-4,kilogram,7876.749333795623,8099.717172910166,1535.993068200041,0.1950034212222267,emission
Dimethenamid,air,non-urban air or from high stacks,087674-68-8,kilogram,7822.179918220194,8158.552954405999,2433.048905951213,0.3110448661867155,emission
Monoethanolamine,air,non-urban air or from high stacks,000141-43-5,kilogram,7756.435172960993,8164.038389028676,2682.991072878523,0.3459051759023856,emission
Manganese-54,air,non-urban air or from high stacks,013966-31-9,kilo Becquerel,8193.221935355667,8223.573905229388,556.9183120020716,0.06797305338438826,emission
Propiconazole,air,non-urban air or from high stacks,060207-90-1,kilogram,8123.464971120631,8302.864331320718,1709.483497878116,0.2104377262603366,emission
Hydramethylnon,soil,agricultural,067485-29-4,kilogram,8202.467073286094,8495.379814176777,2336.61873054766,0.284867797660242,emission
"Transformation, to cropland fallow (non-use)",natural resource,land,,square meter,8569.08195758059,8569.081957580593,1.819899580937588e-12,2.123797613264305e-16,natural resource
Fenoxaprop,air,non-urban air or from high stacks,095617-09-7,kilogram,8667.505472578214,8944.51616863773,2157.995853361742,0.2489754243812239,emission
Sulfate,air,"low population density, long-term",014808-79-8,kilogram,9103.01989355863,9103.019893558632,1.819899580937588e-12,1.999226193304667e-16,emission
Prothioconazol,air,non-urban air or from high stacks,178928-70-6,kilogram,9002.149319189897,9213.877208533513,1891.795245683734,0.2101492853102304,emission
Zirconium,air,non-urban air or from high stacks,007440-67-7,kilogram,8539.31215440507,9247.671862608153,3509.485722432482,0.410979907863198,emission
Imazaquin,air,non-urban air or from high stacks,081335-37-7,kilogram,8989.460350418613,9289.644723188412,2270.968221459511,0.2526256452484112,emission
Picloram,soil,agricultural,001918-02-1,kilogram,9035.284267498113,9290.309153991315,1678.737513839833,0.185797974268349,emission
Lactofen,air,non-urban air or from high stacks,077501-63-4,kilogram,9059.01437116009,9302.686568894342,2222.740787813403,0.2453623205290004,emission
Triethylene glycol,water,surface water,000112-27-6,kilogram,9420.348904255037,9446.216149649366,839.5089460832761,0.0891165448982555,emission
Thallium,soil,,007440-28-0,kilogram,6259.956225345781,9567.9177446624,10727.08386269763,1.713603654170138,emission
Propionic acid,air,,000079-09-4,kilogram,9620.400227965572,9751.33055466257,1091.912749552082,0.1134997218076226,emission
Methyl ethyl ketone,water,surface water,000078-93-3,kilogram,8905.142048257172,9877.090081602415,4497.051604701731,0.5049949321787461,emission
"Dysprosium, in ground",natural resource,in ground,007429-91-6,kilogram,9888.024596483348,9905.588626608718,369.4822083388578,0.03736663523978927,natural resource
Beryllium,air,,007440-41-7,kilogram,10036.78395727953,10204.16839207894,1550.666750808893,0.1544983689406024,emission
"Transformation, to inland waterbody, unspecified",natural resource,land,,square meter,10536.82567367456,10591.23928537413,862.3100616732353,0.08183774586189174,natural resource
Arsenic,air,"low population density, long-term",007440-38-2,kilogram,9250.485631896358,10705.83562023085,6187.52050835762,0.6688860190239735,emission
Ammonium carbonate,air,urban air close to ground,000506-87-6,kilogram,9640.067844010457,10748.16777610912,5468.192730781292,0.567235917761593,emission
Permethrin,air,non-urban air or from high stacks,052645-53-1,kilogram,10659.51950202134,10848.86947422186,1853.147330954429,0.1738490492562089,emission
Chlorimuron-ethyl,air,non-urban air or from high stacks,090982-32-4,kilogram,10767.64866997473,11020.20158568932,2628.264558753259,0.2440889965217845,emission
Asulam,soil,agricultural,003337-71-1,kilogram,11129.33840004703,11213.06943577523,1482.788971600174,0.1332324454788713,emission
Iron,air,"low population density, long-term",007439-89-6,kilogram,11214.92800608997,11214.92800608997,0.0,0.0,emission
1-Pentanol,air,urban air close to ground,000071-41-0,kilogram,10520.90271881857,11273.51049686332,3679.726898150923,0.3497539133756132,emission
Barium,soil,industrial,007440-39-3,kilogram,11012.55642060771,11286.46456983234,939.8297060186117,0.08534164730905854,emission
"Krypton, in air",natural resource,in air,007439-90-9,kilogram,11038.30741537345,11298.85330421719,3027.962612836177,0.2743140319338293,natural resource
Pyraclostrobin,water,ground-,175013-18-0,kilogram,11179.47063444199,11424.78613928791,2366.279003925747,0.211662884701862,emission
Thallium,water,,007440-28-0,kilogram,9395.82914446135,11506.26451578116,8113.322345900114,0.8635025415168125,emission
MCPA,air,non-urban air or from high stacks,000094-74-6,kilogram,11461.68196404918,11595.34434010639,1178.835555122797,0.1028501365524139,emission
Acetamide,air,non-urban air or from high stacks,000060-35-5,kilogram,11552.77567155785,11899.36843751547,2958.158106461241,0.2560560501268994,emission
Cesium-134,air,non-urban air or from high stacks,013967-70-9,kilo Becquerel,11931.18007288513,12010.5940792844,804.6850763928993,0.06744387994123326,emission
Ammonia,soil,industrial,007664-41-7,kilogram,11856.70972590649,12047.56486839152,1761.001166777615,0.1485235961313862,emission
"Chrysotile, in ground",natural resource,in ground,,kilogram,12057.08812925915,12057.08812925915,3.639799161875176e-12,3.01880447654887e-16,natural resource
Cyhalothrin,soil,agricultural,068085-85-8,kilogram,12268.51524048916,12397.89075226337,1505.712341154718,0.1227297934297291,emission
Trimethylamine,air,urban air close to ground,000075-50-3,kilogram,11756.9705975142,12491.16194063099,4321.206637801443,0.3675442242506827,emission
"2,2,4-Trimethyl pentane",air,,540-84-1,kilogram,12118.60314629953,12590.86707088225,3432.559442820152,0.2832471202647063,emission
"PAH, polycyclic aromatic hydrocarbons",soil,,130498-29-2,kilogram,12566.82425944107,12613.68987719938,1474.23826481962,0.1173119186187449,emission
Acetonitrile,water,surface water,000075-05-8,kilogram,11094.83157468793,12615.8243797982,6425.42395376348,0.5791366827435784,emission
"PAH, polycyclic aromatic hydrocarbons",water,ground-,130498-29-2,kilogram,12537.72416964101,12638.15430099667,1425.756997392831,0.113717368327912,emission
Carboxin,soil,agricultural,005234-68-4,kilogram,12681.45268630147,12946.03018748629,2379.708058814273,0.1876526386748135,emission
Fluazifop-p-butyl,air,non-urban air or from high stacks,079241-46-6,kilogram,12513.68986345877,12947.39500244386,3298.951937503614,0.2636274331152224,emission
Saflufenacil,soil,agricultural,372137-35-4,kilogram,12913.91559090076,13080.55877677206,2305.302540587913,0.1785130562733618,emission
"Cyhalothrin, gamma-",air,non-urban air or from high stacks,076703-62-3,kilogram,12744.44868013161,13141.91004214044,3088.308491038145,0.2423257818796642,emission
Cyanoacetic acid,air,urban air close to ground,000372-09-8,kilogram,12600.10395806737,13248.10820511577,3922.778891675018,0.3113290894051244,emission
2-Propanol,air,non-urban air or from high stacks,000067-63-0,kilogram,13226.90890698039,13332.98362871111,2004.829311302687,0.1515720207496594,emission
Methanesulfonic acid,air,urban air close to ground,000075-75-2,kilogram,12559.13705171385,13370.84231746317,4242.633610677639,0.3378125099844084,emission
Chromium,air,lower stratosphere + upper troposphere,007440-47-3,kilogram,11938.22266572572,13510.45325985626,6451.822929190969,0.5404341257358147,emission
Fenbuconazole,soil,agricultural,114369-43-6,kilogram,13666.70117516727,13886.59096215296,2241.524080223755,0.1640135429533397,emission
Potassium,soil,industrial,007440-09-7,kilogram,11670.70025610126,14017.7429180525,7613.283420895723,0.6523416122280765,emission
Metosulam,soil,agricultural,139528-85-1,kilogram,14183.98582042513,14378.95068731337,2592.32085913284,0.1827639206604298,emission
MCPB,water,surface water,000094-81-5,kilogram,14510.0587675832,14576.91059644926,1222.20870054174,0.08423182291117015,emission
MCPA,water,surface water,000094-74-6,kilogram,14570.72162054837,14659.93466370268,1312.409508479391,0.09007168914877663,emission
Lithium,air,urban air close to ground,007439-93-2,kilogram,14858.16301507874,14954.83054643494,2310.358373610013,0.1554942136026746,emission
"Ethane, 1,1,1-trichloro-, HCFC-140",air,non-urban air or from high stacks,000071-55-6,kilogram,15035.05593063301,15110.52074107459,1290.878700050475,0.08585792470651132,emission
"Transformation, from cropland fallow (non-use)",natural resource,land,,square meter,14070.09780150999,15255.7605339137,5945.159519212571,0.4225386065599731,natural resource
Chlorine,air,non-urban air or from high stacks,007782-50-5,kilogram,15087.60464521338,15301.19217471173,2230.529390678257,0.1478385365423731,emission
Vanadium,air,"low population density, long-term",007440-62-2,kilogram,13092.83778244295,15322.49720794804,8630.59915343723,0.6591847616878421,emission
Methyl amine,air,urban air close to ground,000074-89-5,kilogram,14726.49129655309,15418.08587914703,3956.709833916021,0.268679738726504,emission
Quizalofop-ethyl,soil,agricultural,76578-14-8,kilogram,15494.0846769076,15815.43562692456,2945.706609062518,0.1901181431809781,emission
Chlorosulfonic acid,air,urban air close to ground,007790-94-5,kilogram,15332.29693615192,16002.22102479952,4673.634101253604,0.3048228273112605,emission
Chromium-51,air,non-urban air or from high stacks,014392-02-0,kilo Becquerel,16017.19315844608,16071.3163399572,1116.92548449597,0.06973290972063984,emission
"2,4-DB",water,ground-,000094-82-6,kilogram,15956.21647911534,16201.07632289249,3270.755878663872,0.2049831727305076,emission
Formic acid,water,surface water,000064-18-6,kilogram,14594.19537728267,16507.81825952359,8963.76988576449,0.6142010336326933,emission
Rotenone,soil,agricultural,000083-79-4,kilogram,15998.1494842124,16587.85049038457,4469.20627346348,0.2793577018313192,emission
Dimethyl malonate,air,urban air close to ground,000108-59-8,kilogram,15790.28312397833,16623.29098654986,4825.559846071113,0.3056031236541454,emission
"Transformation, from dump site, residual material landfill",natural resource,land,,square meter,16791.34663473524,16791.34664887003,9.358774749967136e-05,5.573570097473425e-09,natural resource
Methyl acetate,water,surface water,000079-20-9,kilogram,14746.42453364286,16971.87333707955,9011.36047508704,0.6110878236638514,emission
Novaluron,soil,agricultural,116714-46-6,kilogram,17391.08661043127,17419.26166661709,1123.750036846283,0.06461643610999279,emission
Sodium hydroxide,air,,001310-73-2,kilogram,16021.73879422665,17497.65523732375,7599.27651024928,0.4743103484490485,emission
Sethoxydim,water,ground-,074051-80-2,kilogram,17471.25100983427,17916.88797439004,3670.00830922053,0.2100598467250425,emission
Nickel,air,lower stratosphere + upper troposphere,007440-02-0,kilogram,16722.84616840062,18312.61437310525,8540.676949327628,0.5107191002848567,emission
Elemental carbon,water,,007440-44-0,kilogram,18439.88251748122,18550.75715013292,1884.197350784269,0.1021805507165259,emission
"Ethene, trichloro-",air,,000079-01-6,kilogram,17526.55044477608,18655.66647155724,5906.981079546847,0.3370304440773436,emission
Maneb,soil,agricultural,012427-38-2,kilogram,18334.65853727377,18751.20187951776,3911.42763166828,0.2133351774027574,emission
Cloransulam-methyl,soil,agricultural,147150-35-4,kilogram,18400.42595680579,18964.86831628211,4677.106449134196,0.2541846835564297,emission
Acrolein,water,,000107-02-8,kilogram,19089.36251633189,19277.29481328302,2241.34680608684,0.1174133921009283,emission
Cadmium,soil,,007440-43-9,kilogram,19024.14289991332,20178.78942876198,5237.501170624087,0.2753081281074666,emission
Bentazone,air,non-urban air or from high stacks,025057-89-0,kilogram,19607.68541831341,20222.63611418641,4945.807563723473,0.2522382146698524,emission
Flumioxazin,air,non-urban air or from high stacks,103361-09-7,kilogram,19708.88912686569,20311.51550294105,4646.099932621963,0.2357362661444346,emission
Propylamine,water,surface water,000107-10-8,kilogram,17795.61698021457,20457.21738075113,10854.74292250889,0.6099672146561341,emission
Florasulam,soil,agricultural,145701-23-1,kilogram,20144.16001343651,20480.99360698239,3013.465263099287,0.1495949824211708,emission
4-Methyl-2-pentanone,water,,000108-10-1,kilogram,16172.59417534924,20662.85903034468,17178.54847566431,1.062201171278284,emission
Formamide,air,urban air close to ground,000075-12-7,kilogram,19692.99395024919,20863.1965506488,6866.517638617137,0.3486781977369292,emission
Endothall,soil,agricultural,000145-73-3,kilogram,20633.37392801949,20933.74448952819,3228.694895609162,0.1564792508909409,emission
Anthranilic acid,air,urban air close to ground,000118-92-3,kilogram,19577.18582315206,21002.65893455612,7904.722057213635,0.4037721319407143,emission
"2,4-D amines",water,ground-,002008-39-1,kilogram,20146.03935607475,21035.3981357329,5984.046604763373,0.297033401900854,emission
Paraffins,air,non-urban air or from high stacks,008002-74-2,kilogram,19993.35194447146,21408.45824136514,7284.957474399597,0.3643689909842269,emission
"Gallium, in ground",natural resource,in ground,007440-55-3,kilogram,21934.35217129115,21970.36764013418,1065.679525421791,0.04858495555736583,natural resource
Imazethapyr,air,non-urban air or from high stacks,081335-77-5,kilogram,21596.16542439045,22012.13514806653,4534.071406725351,0.2099479846364126,emission
Cadmium,soil,industrial,007440-43-9,kilogram,13187.54042617158,22600.51104277407,32146.13415736941,2.437614074992573,emission
Foramsulfuron,soil,agricultural,173159-57-4,kilogram,22205.94637948744,22653.51499853422,4375.970032662171,0.1970629829451645,emission
Bromoxynil,water,ground-,001689-84-5,kilogram,22225.09742466733,23121.27858938412,6566.478852954413,0.2954533214179016,emission
1-Pentene,water,surface water,000109-67-1,kilogram,19692.81539919563,23218.20942675912,12803.37799771064,0.6501547766620313,emission
Silver,soil,,007440-22-4,kilogram,14696.54102984123,23926.49486363121,28971.12383939254,1.971288603254797,emission
Methyl borate,air,urban air close to ground,000121-43-7,kilogram,21554.0902500808,24053.00361331075,10986.40873383365,0.5097134050365436,emission
Acetyl chloride,water,surface water,000075-36-5,kilogram,20187.47202688073,24144.43695480876,15156.5378768528,0.7507892943044595,emission
Lead,soil,forestry,007439-92-1,kilogram,23039.38193542504,24348.01211868185,9213.56456011504,0.3999050228838121,emission
"Rhodium, in ground",natural resource,in ground,007440-16-6,kilogram,24357.18318387296,24398.09271942467,1217.239252990445,0.04997454934757755,natural resource
Mesosulfuron-methyl (prop),soil,agricultural,208465-21-8,kilogram,24261.55807761202,24756.46376364567,4391.57107204005,0.1810094412729612,emission
Azoxystrobin,air,non-urban air or from high stacks,131860-33-8,kilogram,24032.27878848319,24764.05572901274,5314.512076346891,0.2211405802638127,emission
Beryllium,water,ground-,007440-41-7,kilogram,23299.54323740388,25662.47676817466,12035.31893692808,0.5165474195909213,emission
Spinosad,soil,agricultural,168316-95-8,kilogram,25319.52935968005,25677.12391533414,3202.241002065896,0.1264731645117104,emission
Sethoxydim,air,non-urban air or from high stacks,074051-80-2,kilogram,25330.0177828368,25686.79429633788,4475.661633806732,0.1766939791427768,emission
Hexane,air,,000110-54-3,kilogram,26985.42478862558,27939.46845280609,7106.444722674375,0.263343815349898,emission
t-Butylamine,air,urban air close to ground,000075-64-9,kilogram,27483.61276867604,28707.62605479363,7447.526103743524,0.270980608205618,emission
Cadmium,soil,forestry,007440-43-9,kilogram,26439.31282493714,28802.62708897108,11983.76620524192,0.4532555851428567,emission
"PAH, polycyclic aromatic hydrocarbons",water,,130498-29-2,kilogram,28610.98183957949,28971.19280793922,3650.666983363124,0.1275967040848948,emission
Pyrethrin,soil,agricultural,000121-29-9,kilogram,28298.04960384958,29399.46425695953,8207.116386168615,0.2900241006380928,emission
Dicamba,water,ground-,001918-00-9,kilogram,28256.17613574498,29428.92911470086,8355.439931620704,0.2957031373063534,emission
"Methane, tetrachloro-, R-10",air,,000056-23-5,kilogram,27686.65073125095,29668.56448771145,9740.640926561859,0.351817235718123,emission
Methyl ethyl ketone,air,,000078-93-3,kilogram,29823.82474438502,30075.17148949682,3688.60915273216,0.1236799499845043,emission
Pyraclostrobin,air,non-urban air or from high stacks,175013-18-0,kilogram,30181.34003266246,30485.92991497862,4905.195779774809,0.1625241216747292,emission
"Ethane, 1,2-dichloro-",air,non-urban air or from high stacks,000107-06-2,kilogram,30342.0169244475,30520.37909927302,2602.209012444221,0.08576255886099454,emission
Propoxycarbazone-sodium (prop),soil,agricultural,181274-15-7,kilogram,30042.15721014265,30607.820030705,5414.186776207997,0.1802196406315354,emission
Methiocarb,soil,agricultural,002032-65-7,kilogram,30188.84188292176,30609.9441646402,5254.719816688743,0.1740616561929595,emission
Ethanol,air,,000064-17-5,kilogram,29645.79481347742,30678.90713592003,7357.787916316574,0.2481899359625741,emission
Piperonyl butoxide,soil,agricultural,000051-03-6,kilogram,30349.10353183827,30914.25632189587,6761.465692137499,0.2227896347924828,emission
Phosphorus oxychloride,water,,010025-87-3,kilogram,30763.17362383562,31046.59531653908,3272.181543362281,0.1063668392401154,emission
t-Butyl methyl ether,water,,001634-04-4,kilogram,31554.73980963357,31625.34720427165,2225.243240187802,0.07052009471833584,emission
1-Pentanol,water,surface water,000071-41-0,kilogram,27862.86999299626,31666.12948880391,17260.91063725303,0.6194950714550158,emission
Fluoride,soil,industrial,016984-48-8,kilogram,31297.5402889352,31787.049782275,4935.549581893682,0.1576976828315986,emission
Aluminium,soil,industrial,007429-90-5,kilogram,31348.18658711388,31787.89878746092,1561.144774585382,0.04980016213209325,emission
Antimony-125,air,non-urban air or from high stacks,014234-35-6,kilo Becquerel,31712.37993008742,31988.73218017729,2482.266608286643,0.0782743715154462,emission
Beryllium,air,non-urban air or from high stacks,007440-41-7,kilogram,31185.98830790546,32096.66980357203,5548.344518046112,0.177911453799899,emission
Butadiene,air,,000106-99-0,kilogram,31040.82645674688,32501.63673746158,9207.166300244087,0.2966147281250259,emission
"Ethene, tetrachloro-",air,non-urban air or from high stacks,000127-18-4,kilogram,32569.3157737925,32780.37058796523,2786.06346354747,0.08554258501768489,emission
Cobalt-58,air,non-urban air or from high stacks,013981-38-9,kilo Becquerel,33585.27672076476,33724.5188002125,2004.103986560085,0.05967209986752942,emission
Dithianon,soil,agricultural,003347-22-6,kilogram,32617.68392314597,33845.6448595289,7989.024242912671,0.2449292310801855,emission
Magnesium,soil,industrial,007439-95-4,kilogram,28537.93461057371,33919.94919870664,18814.87171123829,0.6592933920406107,emission
Zinc,air,"low population density, long-term",007440-66-6,kilogram,25210.86922462931,33936.56397698138,31016.29460736084,1.230274701399825,emission
"Transformation, from dump site, inert material landfill",natural resource,land,,square meter,34093.64375035416,34093.64376548196,8.469272005892748e-05,2.484120520501646e-09,natural resource
"Transformation, to dump site, inert material landfill",natural resource,land,,square meter,34093.64375680149,34093.64377583325,9.590655685901906e-05,2.813033348478226e-09,natural resource
2-Aminopropanol,air,urban air close to ground,002749-11-3,kilogram,33360.92480798153,35331.72728539887,10509.08568145261,0.3150118212232033,emission
Diquat dibromide,soil,agricultural,000085-00-7,kilogram,34887.15331010123,35438.14487217755,6354.277908778814,0.1821380452654759,emission
Oxydemeton-methyl,soil,agricultural,000301-12-2,kilogram,34491.48031510748,35440.96249574255,7700.000696735293,0.2232435554052647,emission
Trimethylamine,water,surface water,000075-50-3,kilogram,29665.91781913687,35775.16502610083,21869.38223425296,0.7371887958290464,emission
Oxygen,water,,007782-44-7,kilogram,35903.59487355283,36112.80089403753,3166.717647745606,0.08820057319882088,emission
2-Methyl-1-propanol,air,urban air close to ground,000078-83-1,kilogram,34157.3049312597,36205.83481541251,12429.44486194423,0.3638883362419262,emission
"Yttrium, in ground",natural resource,in ground,007440-65-5,kilogram,36325.12472806117,36348.60258409197,1345.723373704392,0.03704662774811673,natural resource
Ethalfluralin,water,ground-,055283-68-6,kilogram,35833.74956886683,36493.16265633993,7313.990068533762,0.204108979845311,emission
Quizalofop ethyl ester,soil,agricultural,076578-14-8,kilogram,35949.12118452521,36622.29369214932,6454.882586980647,0.1795560607406236,emission
Sulfate,air,non-urban air or from high stacks,014808-79-8,kilogram,36481.25661502387,36680.54447800016,3098.740778797641,0.08494062612748664,emission
Clethodim,air,non-urban air or from high stacks,099129-21-2,kilogram,36928.70852591768,37694.57709735313,7952.627112759613,0.2153508051108318,emission
Metolachlor,water,ground-,051218-45-2,kilogram,36538.38950379886,38070.86919428512,11501.09983676479,0.3147675634573066,emission
"2,4-DB",air,non-urban air or from high stacks,000094-82-6,kilogram,37373.09913946575,38394.48975709596,8019.899341480868,0.2145901604668345,emission
"2,4-D ester",air,non-urban air or from high stacks,053467-11-1,kilogram,37285.30393160004,38639.54108834804,11235.13285927683,0.3013287186792872,emission
Paraquat,air,non-urban air or from high stacks,004685-14-7,kilogram,37782.76320988717,38791.13194068184,9435.469932338647,0.2497294832546691,emission
Prosulfuron,soil,agricultural,094125-34-5,kilogram,39216.24062543725,39635.08009777087,4855.863841881105,0.1238227776155421,emission
Zinc-65,air,non-urban air or from high stacks,013982-39-3,kilo Becquerel,40976.88208504195,41076.79755381218,2859.439515139729,0.06978177376222404,emission
Pymetrozine,soil,agricultural,123312-89-0,kilogram,40268.29169531156,41109.60405621135,8727.71439741754,0.216739127238261,emission
Beryllium,soil,,007440-41-7,kilogram,36380.25488304942,41387.39961433606,22487.03903269467,0.6181110908921094,emission
Quizalofop-P,soil,agricultural,094051-08-8,kilogram,40654.9747550448,41392.54080347977,7183.27660733529,0.1766887484401631,emission
Methyl amine,water,surface water,000074-89-5,kilogram,38211.36429889115,41490.01689966922,17315.04934574408,0.4531387366937469,emission
Ethalfluralin,air,"low population density, long-term",055283-68-6,kilogram,42522.02593254248,43394.78919340613,8882.287374380088,0.2088867399796771,emission
Esfenvalerate,soil,agricultural,066230-04-4,kilogram,42838.81907356127,43975.43472784212,9093.354501254233,0.2122690283697936,emission
Cobalt,soil,industrial,007440-48-4,kilogram,27031.36206102013,44534.41909119592,60240.51256778542,2.228541515288779,emission
Mercury,water,ground-,007439-97-6,kilogram,44148.45189859482,45049.69111190923,5131.208416386396,0.1162262366112483,emission
Chlorosulfonic acid,water,surface water,007790-94-5,kilogram,40127.49647547988,45178.04340534046,22661.42940637465,0.564735689908341,emission
Lactic acid,air,urban air close to ground,000050-21-5,kilogram,43600.35803255904,46027.75312110814,13331.915134879,0.3057753591134102,emission
Sulfentrazone,air,non-urban air or from high stacks,122836-35-5,kilogram,45105.82238269996,46249.17276445763,10871.67333123194,0.2410259420389529,emission
Alachlor,air,non-urban air or from high stacks,015972-60-8,kilogram,45489.53725850341,46710.60045630434,11508.35075466784,0.2529889607201176,emission
Antimony,soil,,007440-36-0,kilogram,32611.21422063153,46741.50594410232,47413.37231993923,1.453897791083875,emission
Iodine,air,,007553-56-2,kilogram,39971.62431092055,47196.44511379908,28536.47907251569,0.7139184249942854,emission
Monochloroethane,air,,000075-00-3,kilogram,45088.98819116001,47247.23374951297,14477.66107086233,0.3210908395079215,emission
o-Nitrotoluene,air,urban air close to ground,000088-72-2,kilogram,46109.83168753427,47451.73629436996,11148.86627363741,0.2417893508956678,emission
Acetone,water,,000067-64-1,kilogram,39906.77422952386,47805.8739556666,32922.20645355286,0.8249778913274411,emission
Acephate,air,non-urban air or from high stacks,030560-19-1,kilogram,47315.69942286397,48659.472978588,11716.6269641116,0.2476266251376571,emission
Methyl lactate,air,urban air close to ground,000547-64-8,kilogram,48139.82952185142,50733.38202501222,14812.32912927825,0.3076938426330467,emission
Beryllium,water,,007440-41-7,kilogram,42301.67422493272,51441.96276900522,33358.60932947812,0.7885883937382426,emission
"Methane, trichlorofluoro-, CFC-11",air,urban air close to ground,000075-69-4,kilogram,48818.1704916638,51697.16571436678,14344.52469807151,0.2938357696243654,emission
Fluxapyroxad,soil,agricultural,907204-31-3,kilogram,51693.32588007365,52189.15971286149,9721.820881970412,0.1880672353047012,emission
Bromuconazole,soil,agricultural,116255-48-2,kilogram,52839.47669249718,53909.50356810442,9801.18984055604,0.1854899112191196,emission
Formamide,water,surface water,000075-12-7,kilogram,47387.71783068588,55180.05466031031,29498.70040953243,0.6224967514774592,emission
Chloroform,air,,000067-66-3,kilogram,52568.5768002345,55336.33623915352,18004.00630483564,0.3424860896130505,emission
"Transformation, to shrub land, sclerophyllous",natural resource,land,,square meter,55627.30641557628,55627.3064385632,0.0001764023088926088,3.171145975948498e-09,natural resource
Diphenylether-compound,water,,000101-84-8,kilogram,55634.10768455935,55803.52039939808,4772.540002805851,0.08578442616291694,emission
"Butylcarbamate, iodopropynyl",air,non-urban air or from high stacks,55406-53-6,kilogram,54304.4871665721,56073.07980258753,12885.74947505218,0.2372870115783763,emission
2-Nitrobenzoic acid,air,urban air close to ground,000552-16-9,kilogram,54756.56138920079,56218.11950850856,13009.12530695149,0.2375811222783829,emission
Triethylene glycol,water,ocean,000112-27-6,kilogram,47851.02057716047,56294.39367482635,34884.38960799936,0.7290208063952948,emission
Thallium,water,surface water,007440-28-0,kilogram,52447.69776999178,57126.28387127661,18374.30858318189,0.3503358462703552,emission
Anthracene,water,surface water,00120-12-7,kilogram,51675.11002087044,57334.65490061945,26988.75254974524,0.5222776020959623,emission
Dipropylamine,air,urban air close to ground,000142-84-7,kilogram,55618.0362708449,58570.20690213313,16670.99592755211,0.2997408223183004,emission
"Vanadium, in ground",natural resource,in ground,7440-62-2,kilogram,58941.02105331932,58938.76877830994,2327.502001986262,0.03948866104441513,natural resource
Chromium VI,air,urban air close to ground,018540-29-9,kilogram,58506.84720171137,61674.93787797014,18501.37343183286,0.3162257806859175,emission
Ziram,soil,agricultural,000137-30-4,kilogram,63121.78456459685,64071.51606592358,12089.56027828229,0.1915275425381901,emission
Bromine,soil,,007726-95-6,kilogram,63639.43883275431,64281.13542423268,7580.808448024291,0.1191212334217277,emission
"Rhenium, in ground",natural resource,in ground,007440-15-5,kilogram,64906.41097366664,64914.63675819302,1880.368604430256,0.0289704603323876,natural resource
Metribuzin,air,non-urban air or from high stacks,021087-64-9,kilogram,63979.1748782357,65702.0658303341,14743.97766631611,0.2304496376262534,emission
Phosphorus trichloride,water,,007719-12-2,kilogram,66203.0852205342,66547.53192846771,6769.495371195665,0.102253472759544,emission
Dimethylamine,air,urban air close to ground,000124-40-3,kilogram,60798.56326305764,66883.73985302779,32749.83464500286,0.5386613249938799,emission
Urea,water,surface water,000057-13-6,kilogram,57154.10781219482,67663.5823223297,41642.48799693076,0.7286000882695192,emission
m-Xylene,water,surface water,000108-38-3,kilogram,61340.67720944615,67746.87573500554,31787.13065075003,0.5182063859877792,emission
Chloroform,water,surface water,000067-66-3,kilogram,64229.8364745166,69857.0584655987,26164.82409982876,0.407362458570321,emission
Ethanol,water,,000064-17-5,kilogram,67967.89131542278,70051.8721013273,17967.24144899457,0.2643489609764835,emission
Molybdenum,soil,,007439-98-7,kilogram,49901.18916533847,70893.11935652008,76205.58874075317,1.527129714048695,emission
Manganese,water,ocean,007439-96-5,kilogram,56267.32516939061,70917.07382361543,52983.40989604783,0.9416372599291565,emission
"Ammonium, ion",water,ocean,014798-03-9,kilogram,70283.07602317883,71309.15078703484,10662.76060482342,0.1517116382513896,emission
Radium-224,water,ocean,013233-32-4,kilo Becquerel,71707.23868295935,71707.23868295935,0.0,0.0,emission
Fomesafen,air,non-urban air or from high stacks,072178-02-0,kilogram,70499.52632357305,72273.06895220696,16789.20703816195,0.2381463807445202,emission
Chloroform,air,non-urban air or from high stacks,000067-66-3,kilogram,73265.56126856394,73703.85739696234,6010.516959750923,0.08203741097019147,emission
Chlorsulfuron,soil,agricultural,064902-72-3,kilogram,72625.86576375838,74296.68251836069,13745.54991793996,0.1892652125160516,emission
Sodium,soil,industrial,007440-23-5,kilogram,72850.11595331009,74321.67237512111,5841.52417899719,0.0801855165575995,emission
Triasulfuron,soil,agricultural,082097-50-5,kilogram,72786.44404450644,74350.32743325795,13281.32804730093,0.1824698021953078,emission
Primisulfuron,soil,agricultural,113036-87-6,kilogram,73614.7389715038,75004.0450885449,14066.99765189219,0.1910894183478326,emission
Dimethyl hexanediol,water,,000110-03-2,kilogram,74705.66528679189,75059.51772865289,7830.871545672423,0.1048229945561697,emission
Methanol,water,ocean,000067-56-1,kilogram,63520.56390046722,75605.80471954987,48290.52771591816,0.7602345563491284,emission
Thifensulfuron-methyl,soil,agricultural,079277-27-3,kilogram,74810.27421370731,75887.27457781829,13590.513768587,0.181666407608179,emission
Hydrogen peroxide,water,,007722-84-1,kilogram,76289.07325376506,76545.30780165383,5718.328594998949,0.07495606318322572,emission
"Hydrocarbons, chlorinated",air,urban air close to ground,,kilogram,75707.58878845753,76992.68343499354,11094.22696299509,0.1465404874271538,emission
Azinphos-methyl,soil,agricultural,000086-50-0,kilogram,76109.68972513799,77635.26037686944,16409.73648416908,0.2156064036449378,emission
t-Butylamine,water,surface water,000075-64-9,kilogram,72224.70721178505,79568.12373309176,33169.53326738749,0.4592546587987434,emission
Bitertanol,soil,agricultural,055179-31-2,kilogram,78444.89966536767,79796.83183030304,11951.50457210932,0.1523554064457009,emission
Zirconium-95,air,non-urban air or from high stacks,013967-71-0,kilo Becquerel,79337.62450470694,79858.35631812745,6108.308725393421,0.07699132364406786,emission
Imazethapyr,soil,agricultural,081335-77-5,kilogram,79379.4338520001,80394.599540201,12376.12152839481,0.1559109321876698,emission
Diethylene glycol,water,,000111-46-6,kilogram,80543.65104376947,80669.90774554202,8371.67402767573,0.1039395895168242,emission
"Phenol, 2,4-dichloro",air,urban air close to ground,000120-83-2,kilogram,77615.83090063388,81045.43454948002,22069.03963804063,0.2843368341478438,emission
Carbon disulfide,air,urban air close to ground,000075-15-0,kilogram,77588.50079578932,81179.74440877441,23063.37030438854,0.2972524287470208,emission
Triadimenol,soil,agricultural,055219-65-3,kilogram,81476.22840219483,82921.40854255453,13301.35421491968,0.1632544175861896,emission
Lead,water,ocean,007439-92-1,kilogram,76828.84558300671,83000.71922144643,29998.2415398628,0.390455450843035,emission
"Methane, bromochlorodifluoro-, Halon 1211",air,non-urban air or from high stacks,000353-59-3,kilogram,81135.63284631277,83027.57085130583,17686.41637084514,0.2179858066103555,emission
Naphtalene,water,surface water,00091-20-3,kilogram,75285.85235075821,83684.51353445712,39912.51839752813,0.5301463309676689,emission
"1,4-Butanediol",air,non-urban air or from high stacks,000110-63-4,kilogram,79987.99621600047,83924.98007831616,25677.49900984123,0.3210169053429146,emission
Mefenpyr-diethyl,soil,agricultural,135590-91-9,kilogram,82472.93110761062,84592.65493674908,16361.57045950476,0.1983871585472838,emission
"Occupation, seabed, infrastructure",natural resource,land,,square meter-year,81013.00967549317,84684.85187567674,24326.7994542594,0.3002826280828618,natural resource
Fluosilicic acid,water,,016961-83-4,kilogram,75387.09464499351,86305.59421274769,46075.10548607776,0.6111802783095797,emission
Atrazine,air,non-urban air or from high stacks,001912-24-9,kilogram,85121.13426509727,87303.26893897582,17792.99967397356,0.2090315152352162,emission
Nitrite,water,ocean,014797-65-0,kilogram,86957.54649641452,88231.97048707302,18000.043799929,0.2069980642872805,emission
Lanthanum-140,air,non-urban air or from high stacks,013981-28-7,kilo Becquerel,88195.83523676281,88397.52022404924,5918.802496412418,0.06710977316018743,emission
Phosphorus,air,non-urban air or from high stacks,007723-14-0,kilogram,82925.70782574295,91195.88534598475,36450.24647321324,0.4395530340218314,emission
"Transformation, from heterogeneous, agricultural",natural resource,land,,square meter,82720.0861103188,92094.82697842554,45453.28284940781,0.5494830214367705,natural resource
"Ethane, 1,1,2-trichloro-1,2,2-trifluoro-, CFC-113",air,"low population density, long-term",000076-13-1,kilogram,86221.09587866307,92399.07568226353,34646.60203323097,0.4018343965610032,emission
"Arsenic, ion",water,ocean,017428-41-0,kilogram,84205.57135421186,92692.80552984588,41611.8584071428,0.4941698956248627,emission
Thiram,soil,agricultural,000137-26-8,kilogram,86735.7830311183,94715.15698466742,38608.89697765922,0.4451322813769659,emission
Rimsulfuron,soil,agricultural,122931-48-0,kilogram,93931.46252244007,95066.88221244207,14908.10051493144,0.1587125348055761,emission
Vinclozolin,soil,agricultural,050471-44-8,kilogram,94380.93420056484,95194.19787378576,16638.65651271905,0.1762925600774513,emission
2-Aminopropanol,water,surface water,002749-11-3,kilogram,87714.99425767717,96843.07741591753,43312.78787891144,0.493790009854792,emission
Mercury,water,,007439-97-6,kilogram,93755.00076768831,97384.85514201406,24152.56473955697,0.2576136157195884,emission
Permethrin,soil,agricultural,052645-53-1,kilogram,96480.60178423833,97970.88560533889,13786.58961840955,0.14289493808549,emission
Antimony,water,,007440-36-0,kilogram,89619.3958518015,99937.30692950224,41078.04222606352,0.4583610705654828,emission
Ethylene glycol monoethyl ether,water,surface water,000110-80-5,kilogram,95362.22721738118,101109.2386814891,34036.89751950948,0.3569222166122579,emission
Flusilazole,soil,agricultural,085509-19-9,kilogram,100521.835081713,102030.3404241173,15422.52943111201,0.1534246705561555,emission
Fenoxaprop,soil,agricultural,095617-09-7,kilogram,100753.9470313541,102226.9057258321,12202.08797381038,0.1211077911420497,emission
Thallium,air,,007440-28-0,kilogram,97565.09805826316,103696.4254984506,29224.76460435647,0.299541180052976,emission
o-Xylene,water,,000095-47-6,kilogram,83125.10242764225,103995.2747596487,73368.79814378645,0.8826310705319328,emission
Isopropylamine,air,urban air close to ground,000075-31-0,kilogram,107606.2331460246,108910.7220728657,11827.2607808636,0.1099124133897865,emission
"Methane, dichloro-, HCC-30",water,surface water,000075-09-2,kilogram,96726.75571533511,109767.3134128757,53764.87303903095,0.5558428238538248,emission
Barite,water,ocean,007727-43-7,kilogram,109959.0889808402,109959.0889808403,4.367758994250211e-11,3.972167316711098e-16,emission
Urea,water,,000057-13-6,kilogram,110574.1192971106,110775.831277519,8460.482671675192,0.07651413120408435,emission
"Methane, dichloro-, HCC-30",air,,000075-09-2,kilogram,102346.1367697911,111458.9755714185,47514.1978663382,0.4642500378222645,emission
Benzo(a)pyrene,air,,000050-32-8,kilogram,104057.7635729855,111901.8832621336,38886.38301587905,0.3736999689466166,emission
Tin,soil,,007440-31-5,kilogram,72706.462168011,112234.4570536698,131244.2184523253,1.805124531421217,emission
Propanal,water,surface water,000123-38-6,kilogram,106298.2112585216,114050.6593185622,42619.40878521775,0.400941918783239,emission
Tellurium-132,water,surface water,014234-28-7,kilo Becquerel,113861.7633032045,114518.1446691471,8024.846007262988,0.070478848864245,emission
Sulfuric acid,air,non-urban air or from high stacks,007664-93-9,kilogram,114779.8421296202,115896.5892998583,13774.76808105606,0.1200103417593161,emission
Scandium,soil,,007440-20-2,kilogram,105137.270781811,116736.5976734628,58815.40795364726,0.5594153958561997,emission
Diflufenzopyr-sodium,soil,agricultural,109293-98-3,kilogram,120332.0243677151,121885.9947213726,23054.74403104838,0.1915927547316651,emission
Vanadium,soil,agricultural,007440-62-2,kilogram,90417.32067001471,122479.2072513887,116896.1952129539,1.29285179373514,emission
Lactic acid,water,surface water,000050-21-5,kilogram,109506.9367364725,122751.0646448102,57943.9681686136,0.5291351387908445,emission
"Metamorphous rock, graphite containing, in ground",natural resource,in ground,,kilogram,123395.8873089731,123395.955271812,1.202760079479089,9.747165045034909e-06,natural resource
Diethylamine,air,urban air close to ground,000109-89-7,kilogram,121466.5274898789,125482.7397083696,28723.86989386456,0.2364755993889589,emission
Folpet,soil,agricultural,000133-07-3,kilogram,122413.692707111,126938.8327073397,36198.15498035822,0.2957034803856994,emission
Ethylamine,air,urban air close to ground,000075-04-7,kilogram,126476.6720839408,129139.8607348469,18204.23599104992,0.1439335467252651,emission
Chloroacetyl chloride,water,surface water,000079-04-9,kilogram,114822.8536025431,129161.9276432692,58107.09954837148,0.5060586610180233,emission
Fentin hydroxide,soil,agricultural,000076-87-9,kilogram,126334.4320493333,129272.8283327289,27001.67288049617,0.2137316996046816,emission
Hydrogen fluoride,air,"low population density, long-term",007664-39-3,kilogram,129833.1525243574,130521.6407857473,16548.36721041106,0.1274587182754151,emission
Molybdenum,water,,007439-98-7,kilogram,109824.7933974386,131251.966511266,80278.10792950657,0.7309652533466895,emission
Dicamba,air,non-urban air or from high stacks,001918-00-9,kilogram,126889.1446567046,133409.758532179,37320.77709121571,0.2941211180214519,emission
Propineb,soil,agricultural,012071-83-9,kilogram,131355.6206462012,133683.2573597844,25184.35492615503,0.191726511604613,emission
Sulfur,water,ocean,007704-34-9,kilogram,130539.2783143632,133713.9845141657,29772.79430867773,0.2280753708242451,emission
Beryllium,water,surface water,007440-41-7,kilogram,110781.3397001195,134922.2121148549,105374.7708253265,0.9511960327485814,emission
Fluazifop,soil,agricultural,069335-91-7,kilogram,136312.4554363013,137456.6106146224,25500.83202333231,0.18707631625966,emission
m-Xylene,water,,000108-38-3,kilogram,117477.5675747708,138679.395232287,90448.99659390823,0.7699256842063933,emission
Tribenuron-methyl,soil,agricultural,101200-48-0,kilogram,140154.6208986779,141041.3204671213,16670.05879253121,0.1189404864830144,emission
Arsenic,soil,,007440-38-2,kilogram,98236.32354550465,141444.7911916165,141953.2018832389,1.44501745138583,emission
Quinmerac,soil,agricultural,090717-03-6,kilogram,140480.8575057123,141949.4376647598,18659.75044455279,0.1328277088840666,emission
Fenoxaprop-P ethyl ester,soil,agricultural,071283-80-2,kilogram,141724.0032550928,142898.6563965129,17047.85852783818,0.120289140415779,emission
Radium-228,water,ocean,015262-20-1,kilo Becquerel,143414.4773645065,143414.4773645065,5.823678659000281e-11,4.06073275587e-16,emission
Flutolanil,soil,agricultural,066332-96-5,kilogram,142056.8285174838,145421.5526534344,31998.4480294196,0.225251037654141,emission
Fomesafen,soil,agricultural,072178-02-0,kilogram,144083.5212506658,146846.6870021188,34525.59813273249,0.2396221152359778,emission
Abamectin,soil,agricultural,071751-41-2,kilogram,150601.0940194246,151125.4203159386,7881.268157698591,0.05233207772502677,emission
Methyl ethyl ketone,air,non-urban air or from high stacks,000078-93-3,kilogram,143537.1701094541,151587.8499031062,44409.35791728793,0.3093927369713618,emission
Ethyl acetate,air,urban air close to ground,000141-78-6,kilogram,149318.7948739305,152465.6840233284,31723.22292548905,0.2124529798962877,emission
Ethylene diamine,air,urban air close to ground,000107-15-3,kilogram,138649.9225688391,152779.1624587774,67567.21050554796,0.4873223818210293,emission
Allyl chloride,water,,000107-05-1,kilogram,139044.804878396,153686.7121079871,71649.49746567389,0.515297910830514,emission
"Hydrocarbons, chlorinated",air,non-urban air or from high stacks,,kilogram,154022.0012235423,155023.8310220678,13330.93801993634,0.0865521673139948,emission
Cobalt,water,,007440-48-4,kilogram,137493.9621711088,157048.060928722,84956.86776969352,0.6178952619313288,emission
Mercury,water,surface water,007439-97-6,kilogram,152266.9270444358,159854.2961976476,42428.55728861172,0.2786459155127617,emission
"Aldehydes, unspecified",air,,,kilogram,123684.9791671627,161175.4216132339,136639.735400359,1.104739931400139,emission
Permethrin,water,,52645-53-1,kilogram,150301.729868719,162087.3698942104,62635.56772656488,0.4167321812015995,emission
Dipropylamine,water,surface water,000142-84-7,kilogram,143107.1741229478,162452.2570168954,83022.13786701702,0.5801395938102316,emission
Metolachlor,air,non-urban air or from high stacks,051218-45-2,kilogram,160045.6566055437,163770.6359466045,37461.30862753086,0.2340663871926236,emission
Strontium,air,,007440-24-6,kilogram,159059.0709140245,163813.7659987414,30953.73723591264,0.1946052938574243,emission
Selenium,soil,,007782-49-2,kilogram,151674.8301053349,165162.2274665346,55514.28888097304,0.3660085779718334,emission
"Tungsten, in ground",natural resource,in ground,007440-33-7,kilogram,128867.7699864159,166639.5738771225,127610.5113903065,0.9902438088573894,natural resource
"Transformation, from urban, continuously built",natural resource,land,,square meter,168541.7548119483,172807.9586549645,48515.63367663374,0.2878552779444205,natural resource
Carfentrazone-ethyl,soil,agricultural,128639-02-1,kilogram,175115.5599216232,175167.4244347808,9422.004874998975,0.05380449846499077,emission
"Occupation, seabed, drilling and mining",natural resource,land,,square meter-year,176477.5558830752,176477.5558830751,5.823678659000281e-11,3.299954280225156e-16,natural resource
"Transformation, to seabed, drilling and mining",natural resource,land,,square meter,176477.5558830752,176477.5558830751,5.823678659000281e-11,3.299954280225156e-16,natural resource
"Toluene, 2-chloro",air,urban air close to ground,000095-49-8,kilogram,173571.205294745,177622.6079469545,34368.07832925863,0.1980056442593543,emission
"Transformation, from seabed, unspecified",natural resource,land,,square meter,180532.9538962762,180625.2326943372,1163.790786687166,0.006446417463239497,natural resource
"2,4-D ester",soil,agricultural,053467-11-1,kilogram,172991.0069160539,180775.7028380298,51200.25047417102,0.2959705905348976,emission
Lauric acid,water,,000143-07-7,kilogram,180131.6449333358,181040.6845382689,16068.90178348263,0.08920643449089417,emission
Molybdenum,air,non-urban air or from high stacks,007439-98-7,kilogram,178840.9746958197,181567.4916124135,27500.85665644192,0.1537726838226896,emission
"Butylcarbamate, iodopropynyl",water,surface water,55406-53-6,kilogram,170610.10008993,181572.0430580365,61802.19810455927,0.3622423178462636,emission
Triethylene glycol,water,,000112-27-6,kilogram,145639.8501383768,182468.6275105611,136182.0681692553,0.9350604799432612,emission
"Palladium, in ground",natural resource,in ground,007440-05-3,kilogram,184893.3770237843,185594.7852996899,11829.197554837,0.0639784817890763,natural resource
"Tin, ion",water,ground-,022537-50-4,kilogram,172047.9439137445,190207.0992778755,74242.5553117718,0.4315224792746898,emission
Iodide,water,ground-,020461-54-5,kilogram,114005.3194356255,191172.0181380755,273405.1160685603,2.39817858870122,emission
Beta-cyfluthrin,soil,agricultural,068359-37-5,kilogram,190501.1652181555,191277.9616031556,20641.12032395201,0.1083516749113555,emission
"Platinum, in ground",natural resource,in ground,007440-06-4,kilogram,194019.1520763487,194161.8392285884,9412.48807109818,0.04851319042665573,natural resource
Nickel,soil,forestry,007440-02-0,kilogram,177160.4072594808,195572.0869013267,83232.6404586067,0.4698151339012147,emission
Chlorfenvinphos,soil,agricultural,018708-86-6,kilogram,193065.0102327984,197200.2068895081,39587.53106081442,0.205047672869774,emission
Chlorimuron-ethyl,soil,agricultural,090982-32-4,kilogram,198394.0602341702,199630.1383969766,26121.69868152863,0.1316657295621474,emission
Dichlorprop,soil,agricultural,000120-36-5,kilogram,191910.8825959376,200521.0453434315,57939.077101923,0.3019061572652549,emission
Tebuconazole,water,surface water,080443-41-0,kilogram,190491.2290447821,201356.570217359,65129.95628153195,0.3419052762068154,emission
Propanal,air,,000123-38-6,kilogram,196280.3324277515,203708.3160681831,53330.97787464561,0.2717082104712458,emission
"Methane, dichloro-, HCC-30",air,urban air close to ground,000075-09-2,kilogram,199249.6701026271,209035.1980563597,55654.00258508158,0.279317915841045,emission
Naphtalene,air,,00091-20-3,kilogram,183455.3764753343,209144.3131953469,106993.7694992361,0.5832141393447874,emission
Halosulfuron-methyl,soil,agricultural,100784-20-1,kilogram,206385.5737093347,209194.7779293668,33372.71760987042,0.1617008253535746,emission
"PAH, polycyclic aromatic hydrocarbons",water,ocean,130498-29-2,kilogram,186644.9336556232,211664.7593268785,113360.670444294,0.6073600189622863,emission
Fenoxaprop ethyl ester,soil,agricultural,066441-23-4,kilogram,211174.0114528152,213020.1524433418,28273.31204841068,0.1338863236716422,emission
Flumetsulam,soil,agricultural,098967-40-9,kilogram,209576.7997000843,213444.050609681,42850.07421147361,0.2044600083253221,emission
"Radioactive species, other beta emitters",air,non-urban air or from high stacks,,kilo Becquerel,215402.4898593273,217134.2370307438,18557.15857118881,0.0861510866624983,emission
Nicosulfuron,soil,agricultural,111991-09-4,kilogram,215910.9055345603,217905.5232992406,32461.41448037949,0.1503463403111126,emission
Cesium-137,air,non-urban air or from high stacks,010045-97-3,kilo Becquerel,217803.0432583665,218129.3290372642,15004.41818085115,0.0688898463326443,emission
Carbon disulfide,water,surface water,000075-15-0,kilogram,198706.5560751899,221183.3229537771,100547.3943191708,0.5060094458137757,emission
"Methane, dichloro-, HCC-30",air,non-urban air or from high stacks,000075-09-2,kilogram,221516.0934919309,222631.9858767255,19114.90938512524,0.08629128964763695,emission
Chlorpyrifos,air,non-urban air or from high stacks,002921-88-2,kilogram,214864.4464342253,222676.8563179555,55175.25989677366,0.2567910178367458,emission
"Transformation, to traffic area, rail network",natural resource,land,,square meter,209750.5606025848,224104.0055614807,90451.07373785699,0.4312316185377688,natural resource
Tin,soil,agricultural,007440-31-5,kilogram,188908.5102722989,224528.2298095553,144213.1072183037,0.7634018552707355,emission
"1,4-Butanediol",air,urban air close to ground,000110-63-4,kilogram,201498.6538749565,225739.1323734153,98952.98818551892,0.4910851079279462,emission
Propanol,water,surface water,000071-23-8,kilogram,217937.1507258365,227617.4818457624,64994.85661317757,0.2982275229198563,emission
Cycloxydim,soil,agricultural,101205-02-1,kilogram,226419.9127293213,228985.3207117679,30569.71478753184,0.1350133670622738,emission
"Cadmium, ion",water,ocean,022537-48-0,kilogram,211825.6782496712,229792.2527087132,92958.84842863482,0.4388459850418494,emission
Selenium,water,,007782-49-2,kilogram,226884.4557673138,230463.9756901525,34987.45855952756,0.1542082662349055,emission
Fosetyl,soil,agricultural,015845-66-6,kilogram,226257.6214719493,230645.0542036829,38539.41578965219,0.1703342214018199,emission
"Vanadium, ion",water,,022541-77-1,kilogram,208113.5471339955,231991.4438867896,91776.55283674868,0.4409926893305876,emission
Phosmet,soil,agricultural,000732-11-6,kilogram,229279.0114571264,233519.2951809354,34656.82397162975,0.1511556760096654,emission
Imazamox,soil,agricultural,114311-32-9,kilogram,235102.5246344746,236971.8914875721,24471.4530265938,0.1040884314817153,emission
Clethodim,soil,agricultural,099129-21-2,kilogram,242520.0555722957,245121.0038561493,26965.98247691862,0.1111907318893055,emission
Aniline,air,urban air close to ground,000062-53-3,kilogram,235378.224950508,246894.5502513204,67544.86199341284,0.2869630867834745,emission
Triallate,soil,agricultural,2303-17-5,kilogram,242908.0993511081,248998.0192189133,44803.22539584045,0.184445168833503,emission
Cobalt-60,air,non-urban air or from high stacks,010198-40-0,kilo Becquerel,248851.3781597897,249458.3133658443,12872.16161239534,0.05172630229168356,emission
Cerium-141,air,non-urban air or from high stacks,013967-74-3,kilo Becquerel,250425.813731714,251701.7662019827,17361.51248535838,0.06932796674051384,emission
"Beryllium, in ground",natural resource,in ground,007440-41-7,kilogram,251498.0247636791,252886.4213057337,29136.59063587292,0.1158521648957331,natural resource
Scandium,air,urban air close to ground,007440-20-2,kilogram,198709.5044558836,255158.6762893753,193657.3383051017,0.9745751157468993,emission
Sulfosulfuron,soil,agricultural,141776-32-1,kilogram,255558.8722814288,257415.2438132357,33757.33823443473,0.132092217863836,emission
Cobalt,soil,,007440-48-4,kilogram,182433.1425647662,258670.751648571,235320.3716905102,1.289899238604457,emission
Metconazole,soil,agricultural,125116-23-6,kilogram,259570.8862015158,261561.0062857237,33855.12384988702,0.1304272769003988,emission
"Methane, fossil",air,"low population density, long-term",000074-82-8,kilogram,258805.6227943007,261738.3864559979,37103.50993925806,0.1433643888361267,emission
Cobalt,soil,agricultural,007440-48-4,kilogram,240081.8568749212,261930.6587183532,88140.19204271724,0.3671255845402631,emission
Beryllium,air,urban air close to ground,007440-41-7,kilogram,210553.8855290279,262625.5750907029,195696.1156481023,0.9294348340160306,emission
Sodium formate,air,urban air close to ground,000141-53-7,kilogram,234051.3194634502,263163.9794065663,136679.4763548379,0.5839722530433414,emission
"Iron, ion",water,ocean,015438-31-0,kilogram,234938.071853547,263206.468292528,111623.7583777853,0.47511992201659,emission
Cloquintocet-mexyl,soil,agricultural,099607-70-2,kilogram,259760.4189663853,265222.4145088944,50392.64268242168,0.1939966176638436,emission
"Ethane, hexafluoro-, HFC-116",air,,000076-16-4,kilogram,263645.7886399216,266519.9219898648,31705.32557642386,0.1202572805732388,emission
Acetic acid,water,,000064-19-7,kilogram,268646.854179408,270493.7242027959,27790.06737597604,0.1034446037377279,emission
Acenaphthene,water,surface water,000083-32-9,kilogram,240434.4902792447,271025.8022143422,134874.4089524895,0.560961153268169,emission
Quinoxyfen,soil,agricultural,124495-18-7,kilogram,265082.15141056,271622.6170693816,48577.67013006676,0.1832551526821944,emission
Nickel,soil,industrial,007440-02-0,kilogram,184930.523982043,274633.3629206502,285190.2966865969,1.54214831897783,emission
"Occupation, shrub land, sclerophyllous",natural resource,land,,square meter-year,278270.8641608499,278270.8642113436,0.0005944086400068193,2.136079326160539e-09,natural resource
Atrazine,water,ground-,001912-24-9,kilogram,273167.5598196413,280766.6450220493,79076.41560106432,0.2894795255090848,emission
Kaolin,soil,agricultural,001332-58-7,kilogram,278000.9999481858,282936.8226712928,47003.75759170506,0.1690776565568674,emission
Zineb,soil,agricultural,012122-67-7,kilogram,282618.4049445882,287086.1803552837,54746.98223627844,0.1937134357792885,emission
Procymidone,soil,agricultural,032809-16-8,kilogram,282833.3441481472,287579.0542072703,49661.97672175012,0.175587418348161,emission
Iodide,water,"ground-, long-term",020461-54-5,kilogram,170872.3093003903,288912.0187088623,428664.889665555,2.508685529098634,emission
Isoprene,air,non-urban air or from high stacks,000078-79-5,kilogram,290932.9260585237,290932.9260585238,5.823678659000281e-11,2.001725531000502e-16,emission
Isopropylamine,water,surface water,000075-31-0,kilogram,277624.9071440517,293010.706829088,98334.46399633716,0.3541989982379866,emission
Silicon tetrafluoride,air,non-urban air or from high stacks,007783-61-1,kilogram,262107.6757706887,295878.2002253801,141666.7518753248,0.5404906646048221,emission
Methoxyfenozide,soil,agricultural,161050-58-4,kilogram,296341.5569285906,297476.3010196378,45015.04133338062,0.1519025606801003,emission
Desmedipham,soil,agricultural,013684-56-5,kilogram,294868.2935298779,297674.2301334952,42664.64510832282,0.1446905145262753,emission
"Methane, bromotrifluoro-, Halon 1301",air,non-urban air or from high stacks,000075-63-8,kilogram,269546.9200685606,299512.1118409607,134062.0353222878,0.4973606646597501,emission
Flumioxazin,soil,agricultural,103361-09-7,kilogram,299457.7220428542,300678.7898854772,21356.1099473765,0.07131594337153312,emission
Thallium,air,urban air close to ground,007440-28-0,kilogram,246270.9466209046,302088.9410508682,220807.1445684766,0.8966024924912253,emission
Butyrolactone,water,,000096-48-0,kilogram,302162.4556939512,302162.4556939512,0.0,0.0,emission
Sodium dichromate,air,urban air close to ground,010588-01-9,kilogram,264981.3359763976,303384.4891642758,150795.1294746651,0.5690783047757624,emission
"Benzene, dichloro",air,urban air close to ground,000095-50-1,kilogram,294201.5739771515,303638.373216677,73343.39178237885,0.2492963949542802,emission
Thorium,air,urban air close to ground,007440-29-1,kilogram,241080.2406280549,305875.2964846511,257131.4348216068,1.06658029771223,emission
"Tin, ion",water,surface water,022537-50-4,kilogram,273627.6957378292,311055.3655358025,152975.3219180717,0.5590637362405081,emission
Cyclopentane,air,urban air close to ground,000287-92-3,kilogram,295901.9469948423,314810.4256902817,110330.6214865958,0.3728621004596461,emission
Triforine,soil,agricultural,026644-46-2,kilogram,305331.3216814644,315300.4779555397,87577.35656841872,0.2868272933354129,emission
Nitrite,water,,014797-65-0,kilogram,315745.2426369864,318171.179812352,29290.96385304134,0.09276771237600966,emission
Chromium,soil,forestry,007440-47-3,kilogram,304203.3552359932,323252.8314532777,127436.3028898347,0.4189181371486612,emission
Selenium,air,,007782-49-2,kilogram,305647.2118531908,324225.1166071066,78391.83537369844,0.2564781628413866,emission
Methylamine,air,,000074-89-5,kilogram,324543.7763800088,325087.3391933559,10147.8073042664,0.03126791527927595,emission
Chromium VI,water,,018540-29-9,kilogram,308625.9847397206,327196.5828391627,73602.5401674532,0.2384845858961805,emission
"Scandium, in ground",natural resource,in ground,007440-20-2,kilogram,332896.5564133723,332502.8930147108,11027.75061306512,0.03312665871908712,natural resource
Butanol,water,,000071-36-3,kilogram,331983.5413264682,333984.7957778121,35627.15608732046,0.1073160312254311,emission
Acenaphthene,air,,000083-32-9,kilogram,295176.9441481081,337787.7946946061,171446.2527234693,0.5808253528007404,emission
Metsulfuron-methyl,soil,agricultural,074223-64-6,kilogram,336266.227072663,337900.9830612548,38784.33615465214,0.1153381845458757,emission
Bifenthrin,soil,agricultural,082657-04-3,kilogram,335795.9178974796,339562.2814151034,30431.91097760836,0.0906262088239542,emission
Diethylamine,water,surface water,000109-89-7,kilogram,314575.8903622378,341797.4319667319,138519.3623278755,0.4403368680554915,emission
Furfural,air,,000098-01-1,kilogram,339999.1144866286,343774.2760429685,42086.16996944563,0.1237831752385366,emission
Arsenic,air,,007440-38-2,kilogram,329536.2631796874,345518.6965318115,63221.3527091853,0.1918494556537239,emission
Propionic acid,air,urban air close to ground,000079-09-4,kilogram,312063.0234139069,345607.0549317697,137121.9730503128,0.4394047444334348,emission
"Toluene, 2-chloro",water,surface water,000095-49-8,kilogram,331327.2326491075,354229.9747619738,116404.8273265423,0.3513288853313816,emission
Haloxyfop- (R) Methylester,soil,agricultural,,kilogram,347389.1977080965,354542.9833610522,72391.78910715117,0.2083881409806542,emission
Sethoxydim,soil,agricultural,074051-80-2,kilogram,358985.9405945415,361164.2952559085,42854.74395552577,0.1193772209701334,emission
Ethylamine,water,surface water,000075-04-7,kilogram,342193.7694998863,362383.3950016715,105057.7012668979,0.3070123147491522,emission
Hexazinone,soil,agricultural,051235-04-2,kilogram,357331.4904599523,364518.479232566,99346.79168501453,0.2780241717771268,emission
Methyl acetate,air,,000079-20-9,kilogram,348884.408825434,370965.3544880596,114319.9223844957,0.3276727749725731,emission
Uranium-238,water,,007440-61-1,kilo Becquerel,281971.2273384618,371017.0617265431,307187.4992011721,1.089428528225123,emission
Uranium,air,urban air close to ground,007440-61-1,kilogram,305707.0603572548,372038.0710235583,248575.1794503204,0.8131155988344886,emission
Cobalt,air,"low population density, long-term",007440-48-4,kilogram,298326.0280766545,375979.2151285742,292666.9222234114,0.9810304655958849,emission
Ethyl acetate,water,surface water,000141-78-6,kilogram,349995.0820396261,378735.7115784436,139331.2385810128,0.3980948468448419,emission
Norflurazon,soil,agricultural,027314-13-2,kilogram,378789.9408853795,378789.9408853796,1.164735731800056e-10,3.074885592467465e-16,emission
Cesium-136,water,surface water,014234-29-8,kilo Becquerel,380378.0467883513,383710.0966949594,29318.6690076431,0.07707771059657524,emission
Ametryn,soil,agricultural,000834-12-8,kilogram,376903.6209027841,393417.8967328786,107574.656146997,0.2854168816137324,emission
Fluorene,water,surface water,0086-73-7,kilogram,353257.5108594953,393803.7497478668,184299.4289173013,0.5217141129395677,emission
Pirimiphos methyl,soil,agricultural,029232-93-7,kilogram,391141.7598595328,394914.9528878622,47438.71961556219,0.1212826767272265,emission
Mercury,air,,007439-97-6,kilogram,338283.8879944698,394993.7919856901,194690.1128995497,0.5755228664710524,emission
"Ethane, 2-chloro-1,1,1,2-tetrafluoro-, HCFC-124",air,,002837-89-0,kilogram,360144.5683561359,397497.0213686745,183743.1744383055,0.5101928241677867,emission
"Methane, monochloro-, R-40",air,non-urban air or from high stacks,000074-87-3,kilogram,396400.5615771314,398680.3297532619,33349.24554601826,0.08413016725640834,emission
Mercury,soil,agricultural,007439-97-6,kilogram,382002.8542783997,402687.281815115,104078.6593536969,0.2724551876720939,emission
Ruthenium-103,water,surface water,013968-53-1,kilo Becquerel,402477.7590724427,405070.7521110384,29848.06721310429,0.07416078662804294,emission
"Radioactive species, other beta emitters",air,urban air close to ground,,kilo Becquerel,401587.2367448373,405857.2561748473,25702.07660498859,0.06400122875747496,emission
Glucose,water,,000050-99-7,kilogram,404842.522933865,406877.4840967399,36022.44337089721,0.08897890248742926,emission
"Ethane, 1,1,2-trichloro-1,2,2-trifluoro-, CFC-113",air,,000076-13-1,kilogram,369430.2330667969,410314.7785059849,197823.1252535134,0.5354816892253236,emission
Ethylene diamine,water,surface water,000107-15-3,kilogram,357909.2201519217,416574.7615378014,233203.998377682,0.6515730393273855,emission
Silthiofam,soil,agricultural,175217-20-6,kilogram,409586.0175672221,418317.3974611574,76375.06746660163,0.1864689325095596,emission
Pronamide,soil,agricultural,023950-58-5,kilogram,416031.6961735565,419878.8080509329,81871.38105382312,0.1967912103977499,emission
Scandium,water,ground-,007440-20-2,kilogram,353846.7703078028,424007.1171055488,282453.7367246732,0.7982374305097473,emission
Mefenpyr,soil,agricultural,135591-00-3,kilogram,421974.4648861118,425230.5185650391,58083.9174925141,0.1376479439536479,emission
Barium,water,ground-,007440-39-3,kilogram,423124.1575805437,425680.0551240144,46745.87011696208,0.1104779041316349,emission
Cadmium,air,,007440-43-9,kilogram,397300.949454115,429308.8001838839,126871.4078011831,0.3193332610342419,emission
Propargite,soil,agricultural,002312-35-8,kilogram,423045.8524007981,429662.2390089302,86046.22966408732,0.2033969348139743,emission
Kresoxim-methyl,soil,agricultural,143390-89-0,kilogram,429157.918029747,432605.9654695889,42436.60718423987,0.09888343055410757,emission
Benzo(a)pyrene,air,urban air close to ground,000050-32-8,kilogram,421418.6292891835,434348.6177259031,99670.63059054031,0.2365121607430053,emission
"Hydrocarbons, aliphatic, alkanes, cyclic",air,non-urban air or from high stacks,,kilogram,432454.2420102471,435267.8673048278,34657.68712024658,0.08014185953903849,emission
Copper,air,lower stratosphere + upper troposphere,007440-50-8,kilogram,401108.1092900918,443266.9472063432,197371.5282831478,0.4920656643728029,emission
Chloramine,air,urban air close to ground,010599-90-3,kilogram,424867.2065628037,443769.5666750603,119223.1363736647,0.2806127056455725,emission
Quizalofop-p-ethyl,soil,agricultural,100646-51-3,kilogram,421806.5059643631,445404.9127811227,125215.7976692187,0.2968560131213285,emission
Pendimethalin,air,non-urban air or from high stacks,040487-42-1,kilogram,441212.8122141078,451593.3401694521,100830.9028463666,0.2285312213404997,emission
"Chromium, ion",water,ocean,016065-83-1,kilogram,365216.2878644534,451945.6117769177,335770.8095490439,0.9193752324476343,emission
Titanium,air,non-urban air or from high stacks,007440-32-6,kilogram,392758.0385300306,452133.0496078803,232934.0613385953,0.5930726770364623,emission
"2,4-D",air,non-urban air or from high stacks,000094-75-7,kilogram,440378.0239757129,452629.6180757944,106462.6714731509,0.2417529160788058,emission
Lenacil,soil,agricultural,002164-08-1,kilogram,444800.3089589533,454726.6046380405,87761.51874547671,0.1973054356704043,emission
"Benzene, ethyl-",water,,000100-41-4,kilogram,361740.6051316292,459092.9357386073,339237.798338201,0.9377929752032124,emission
Chloride,soil,industrial,016887-00-6,kilogram,449543.837995684,461622.0760296659,80644.25509933771,0.1793913035464896,emission
Prochloraz,soil,agricultural,067747-09-5,kilogram,459533.3660921056,465096.3695147278,69889.77291737814,0.1520885708729362,emission
Fenpiclonil,soil,agricultural,074738-17-3,kilogram,460509.9809718684,465444.1406602269,67985.80507843306,0.1476315560738871,emission
Phenol,air,non-urban air or from high stacks,000108-95-2,kilogram,422268.4893028765,466272.297986314,176720.2893390588,0.4185021942575127,emission
Methyl formate,water,surface water,000107-31-3,kilogram,441727.2534429043,468764.0363543348,169885.7599817718,0.3845942460141424,emission
Tungsten,water,ground-,007440-33-7,kilogram,352601.185798259,479547.861919259,548944.9599323851,1.556843771496742,emission
Hexaconazole,soil,agricultural,079983-71-4,kilogram,474760.5405288928,480166.5706563127,63128.34512139366,0.1329688121322539,emission
Myclobutanil,soil,agricultural,088671-89-0,kilogram,477850.2238479401,482039.8925804901,55106.05604461949,0.1153207705981009,emission
Nickel,soil,,007440-02-0,kilogram,352263.9280736844,483681.2058659309,414649.4918113052,1.177098927156037,emission
o-Dichlorobenzene,water,surface water,000095-50-1,kilogram,472736.0496358309,487135.5319474514,83971.51837774806,0.1776287601557676,emission
Cymoxanil,soil,agricultural,057966-95-7,kilogram,488544.0486273899,492409.4061884401,50169.38745570517,0.1026916356808782,emission
Cadmium,air,urban air close to ground,007440-43-9,kilogram,441368.7915813486,492584.6076106756,222741.7970455022,0.5046614108067238,emission
Propionic acid,water,surface water,000079-09-4,kilogram,465700.0567308922,493611.9507719964,157861.4287626198,0.3389766148425467,emission
Copper,soil,industrial,007440-50-8,kilogram,418042.121046592,501132.3008319511,299503.5966520429,0.7164435868381368,emission
Cyanide,water,ground-,000057-12-5,kilogram,507554.1055556608,509508.2443868084,31515.0635165023,0.06209202757211509,emission
"1,4-Butanediol",water,surface water,000110-63-4,kilogram,475595.9711297755,510445.4806571968,200294.640616165,0.4211445276551991,emission
Furathiocarb,soil,agricultural,065907-30-4,kilogram,504990.5367110732,513361.1174294669,105186.4616022723,0.2082939262334217,emission
Tefluthrin,soil,agricultural,079538-32-2,kilogram,505860.5835298877,515332.8150251358,94820.47801639838,0.1874438948271923,emission
Diethylene glycol,water,surface water,000111-46-6,kilogram,491252.3768151635,519288.2858046117,179840.3365084237,0.3660854277679955,emission
Fludioxonil,soil,agricultural,131341-86-1,kilogram,520822.1118907115,525575.9237972195,56818.1408127984,0.1090931807916808,emission
"Transformation, from urban, green area",natural resource,land,,square meter,475471.9390930202,526559.8682450649,257508.4025047189,0.5415848577645307,natural resource
"Ethane, hexafluoro-, HFC-116",air,urban air close to ground,000076-16-4,kilogram,476696.240597218,527709.9546920739,236180.3582412177,0.4954525295717133,emission
Chromium,soil,,007440-47-3,kilogram,484352.7162529397,540552.7226281182,248660.881424933,0.5133880188566482,emission
Cobalt,air,non-urban air or from high stacks,007440-48-4,kilogram,521226.6675430532,542193.8377194915,104372.3537292403,0.2002436947848974,emission
Metiram,soil,agricultural,009006-42-2,kilogram,530127.338299374,544067.9373636608,119234.1479572958,0.2249160519429047,emission
1-Pentene,air,urban air close to ground,000109-67-1,kilogram,549124.6796255906,551357.6640247109,40996.94748622244,0.07465872325056555,emission
Cesium,water,surface water,007440-46-2,kilogram,394742.8381975633,554623.7955326884,536895.0939749827,1.360113577808026,emission
Manganese,soil,industrial,007439-96-5,kilogram,441081.966512183,564771.1200076473,458047.1264543742,1.03846260158025,emission
Dimethomorph,soil,agricultural,110488-70-5,kilogram,560392.7941551656,565875.1293322445,70980.54035377265,0.1266621218082955,emission
Mercury,air,urban air close to ground,007439-97-6,kilogram,502933.4399948964,569760.4843046952,295727.3024131244,0.5880048509324123,emission
2-Methyl-1-propanol,water,surface water,000078-83-1,kilogram,544854.081299018,585316.3086851655,208698.098192276,0.3830348442920843,emission
Benzyl alcohol,water,surface water,000100-51-6,kilogram,573236.7034845504,590184.6945400458,101472.4462164826,0.1770166592607541,emission
Boron,air,,007440-42-8,kilogram,541355.5189752604,590352.2087190909,242191.7477866024,0.4473802137365304,emission
Boron,soil,agricultural,007440-42-8,kilogram,595081.7278795625,595252.6050909446,37387.99620282051,0.0628283384469627,emission
Propane,air,,000074-98-6,kilogram,597347.0963220105,598511.9375434486,45259.14386536331,0.07576691030061619,emission
"2,4-DB",soil,agricultural,000094-82-6,kilogram,594751.5643759978,603015.757689675,117116.9618979594,0.1969174507692743,emission
Heptane,air,,000142-82-5,kilogram,600003.8823206823,603616.3396010373,54696.04137118752,0.09115947910142737,emission
Sodium formate,water,surface water,000141-53-7,kilogram,554214.2738452358,613674.5035540432,275869.221906391,0.4977663602786013,emission
"Ethane, 1,1,1,2-tetrafluoro-, HFC-134a",air,urban air close to ground,000811-97-2,kilogram,589219.7773418283,614261.1698153059,147483.3654708005,0.2503028091421987,emission
Sulfuric acid,air,,007664-93-9,kilogram,619738.3980819567,625008.5756270366,72814.49034281792,0.1174923008936888,emission
Teflubenzuron,soil,agricultural,083121-18-0,kilogram,625118.5582323265,629511.7283209256,54534.89434035216,0.08723928224841497,emission
Propylene oxide,water,surface water,000075-56-9,kilogram,565006.0099295911,630920.3540051737,295980.8269445797,0.5238542984373984,emission
Acetamide,soil,agricultural,000060-35-5,kilogram,624479.7090225953,632635.2705004204,122323.9905418924,0.1958814494282734,emission
Tebupirimphos,soil,agricultural,096182-53-5,kilogram,617200.1242027854,633140.3557469686,120532.2753948542,0.1952888061235264,emission
"Methane, dichlorodifluoro-, CFC-12",air,urban air close to ground,000075-71-8,kilogram,616018.896736702,636753.2558192373,163061.9285127725,0.2647028027493583,emission
Cobalt,air,,007440-48-4,kilogram,587715.487066859,638657.8473273773,222273.7886996507,0.3781996452211317,emission
Butane,air,,000106-97-8,kilogram,646028.9015481115,646966.0221320757,44370.04714785705,0.06868121076554141,emission
"Methane, tetrachloro-, R-10",air,urban air close to ground,000056-23-5,kilogram,623278.573287968,648996.1883815131,175430.094076078,0.2814633802516833,emission
"Vanadium, ion",water,ground-,022541-77-1,kilogram,608764.8103558706,653936.9539038821,195743.8462627842,0.3215426432883934,emission
"2,4-D amines",soil,agricultural,002008-39-1,kilogram,629419.8649046626,659017.9562549687,195924.2777482055,0.3112775567988816,emission
Cerium-144,water,surface water,014762-78-8,kilo Becquerel,655177.4819232142,659127.9745526032,49697.18940359542,0.07585301811306736,emission
Azadirachtin,soil,agricultural,011141-17-6,kilogram,658204.3977877098,659391.9174911141,75401.32175527065,0.1145560892766775,emission
Oryzalin,soil,agricultural,019044-88-3,kilogram,648986.4822277979,664961.0389235873,126159.5311097938,0.1943946978321054,emission
Aniline,water,ground-,000062-53-3,kilogram,664975.2343107117,666849.9877630725,41321.54390342504,0.06213997419957661,emission
Trifluralin,air,non-urban air or from high stacks,001582-09-8,kilogram,650509.1727397176,674148.1902002027,161572.797259153,0.2483789683989617,emission
Mercury,air,non-urban air or from high stacks,007439-97-6,kilogram,665140.8661331952,679840.3525299125,104932.9353061336,0.1577604694719218,emission
Aniline,water,surface water,000062-53-3,kilogram,602267.3087231326,681317.3361945803,302454.2216940264,0.5021926598261823,emission
Dimethylamine,water,surface water,000124-40-3,kilogram,627516.5294067021,681771.1686622447,256001.4125916549,0.407959632288406,emission
"Methane, bromo-, Halon 1001",air,,000074-83-9,kilogram,647445.9206250166,682714.0059989055,213683.3546808899,0.3300404680511527,emission
Mepiquat chloride,soil,agricultural,024307-26-4,kilogram,676617.3923838632,687741.3677264708,119929.4410181832,0.1772485342057894,emission
MCPB,soil,agricultural,000094-81-5,kilogram,696745.8367809188,700025.4297210014,63890.55496785061,0.09169850983686614,emission
Cyanide,water,,000057-12-5,kilogram,674952.2255178327,706338.8503161139,199366.4534206907,0.2953786147867488,emission
Pentane,air,,000109-66-0,kilogram,726113.4287142819,730315.1379556063,66313.66198850524,0.09132686349834604,emission
"Europium, in ground",natural resource,in ground,007440-53-1,kilogram,735456.6381131917,736251.0688643052,24095.57470904315,0.03276274012681449,natural resource
Ethoprop,soil,agricultural,013194-48-4,kilogram,721995.6514949723,736278.590123824,160757.1279433203,0.2226566428903758,emission
Bensulfuron methyl ester,soil,agricultural,083055-99-6,kilogram,726812.3865580235,739892.1633893435,121528.4185889786,0.1672074125820868,emission
Isoxaflutole,soil,agricultural,141112-29-0,kilogram,732819.2098591111,740960.5777392237,105251.2457830844,0.14362511840174,emission
Bromine,air,,007726-95-6,kilogram,706446.2383573861,743824.8638186763,166397.464347598,0.2355415816701096,emission
Lead,soil,industrial,007439-92-1,kilogram,560999.413751274,744345.2984766649,642226.2443175804,1.144789510604229,emission
Ethyne,air,non-urban air or from high stacks,000074-86-2,kilogram,741578.7481707348,744605.0405616917,10169.18299801185,0.01371288352463761,emission
Chloroacetic acid,water,,000079-11-8,kilogram,740708.1962950584,745114.361222235,75967.96863031553,0.1025612636802172,emission
"Cadmium, ion",water,,022537-48-0,kilogram,711455.6420878476,751835.5511012881,208061.5205785044,0.2924448247650749,emission
Phosphorus,air,,007723-14-0,kilogram,729765.0397669622,753683.701167269,155434.8453815317,0.2129930003651135,emission
Amine oxide,air,,001643-20-5,kilogram,751222.6344149652,753793.0127523835,70907.01496331707,0.09438881593142866,emission
"Aldehydes, unspecified",air,non-urban air or from high stacks,,kilogram,752629.7227211575,755221.4826954062,59743.03702807872,0.0793790561606786,emission
Glyphosate,water,ground-,001071-83-6,kilogram,751456.0787236129,759078.3452387784,107913.917218923,0.1436064199550031,emission
Maleic anhydride,water,,000108-31-6,kilogram,760764.9990320221,763576.9744313152,79906.02543574078,0.1050337824918486,emission
Clopyralid,soil,agricultural,001702-17-6,kilogram,750935.2138200529,764232.5146918229,132563.4941989875,0.1765311997084661,emission
Fluazifop-P-butyl,soil,agricultural,079241-46-6,kilogram,753334.143004441,765163.0408220454,107781.4442038702,0.1430725597727685,emission
Bromacil,soil,agricultural,000314-40-9,kilogram,759392.3795669277,785772.0453989117,226623.9621408904,0.2984280172394295,emission
Pyrimethanil,soil,agricultural,053112-28-0,kilogram,786244.2405864417,795088.4673833707,98806.92573069183,0.1256695065352644,emission
Molybdenum,soil,agricultural,007439-98-7,kilogram,778023.5802210046,800139.5569245057,113721.6541362787,0.1461673617963803,emission
Quintozene,soil,agricultural,000082-68-8,kilogram,785975.5855863249,802881.6289914639,166460.9856062805,0.2117890029397075,emission
"Basalt, in ground",natural resource,in ground,012765-06-9,kilogram,804107.8131212079,804107.8834977249,0.7943290768747976,9.87839023465705e-07,natural resource
o-Xylene,air,,000095-47-6,kilogram,802859.7965669167,804816.0446803647,70949.08011568,0.08837044826389752,emission
"Transformation, to urban, continuously built",natural resource,land,,square meter,744395.7479343957,806177.8935773433,298935.602759357,0.4015815560323465,natural resource
"Carboxylic acids, unspecified",water,,,kilogram,796538.09532685,808698.5483256693,176284.6168623715,0.2213134787860149,emission
Hydrogen chloride,air,"low population density, long-term",007647-01-0,kilogram,803462.9467855192,810367.3358012935,94096.52891306923,0.1171137129466007,emission
Maleic hydrazide,soil,agricultural,000123-33-1,kilogram,796659.9650971787,811868.8959913616,174873.6193513074,0.2195084816769672,emission
Carbaryl,soil,agricultural,000063-25-2,kilogram,813716.9045793054,823559.5904251686,129617.1467243789,0.1592902224286361,emission
2-Propanol,water,surface water,000067-63-0,kilogram,801578.209075409,830650.9645333991,226064.3558535813,0.2820240786165311,emission
Clothianidin,soil,agricultural,210880-92-5,kilogram,810554.4473743554,832699.6583327673,150560.2021049942,0.1857496465446667,emission
Phosphorus,soil,industrial,007723-14-0,kilogram,606273.837221768,834574.4040631971,785206.4071205129,1.29513490260226,emission
Pyrene,water,surface water,00129-00-0,kilogram,743679.3341067035,840039.6425089381,427520.8513114589,0.574872571691118,emission
N-methyl-2-pyrrolidone,air,,000872-50-4,kilogram,844709.4707398069,847843.6396851972,99945.01530672809,0.118318805185403,emission
Antimony,water,ground-,007440-36-0,kilogram,570895.3307041379,856275.5260623579,1187131.493695452,2.07942056949608,emission
Thiodicarb,soil,agricultural,059669-26-0,kilogram,853666.0050543207,858147.4537758623,105741.2154953054,0.1238671973221856,emission
Cyclohexane,air,non-urban air or from high stacks,000110-82-7,kilogram,880927.5256822879,919684.7788743858,287408.8313857219,0.3262570677004566,emission
Fluorine,air,,007782-41-4,kilogram,871889.8756333347,924413.8718023403,297648.0787167439,0.3413826528270378,emission
Ethalfluralin,soil,agricultural,055283-68-6,kilogram,918342.4996890391,925876.141807214,119722.8621461717,0.130368421571158,emission
Bifenox,soil,agricultural,042576-02-3,kilogram,925233.1710477785,941150.3180684062,145691.4704500513,0.1574645992048288,emission
Sulfosate,soil,agricultural,081591-81-3,kilogram,913495.8815400802,942555.5521611405,233180.9782710247,0.2552622107916901,emission
Phenanthrene,water,surface water,00085-01-8,kilogram,827306.5367850637,950831.5562271395,478727.8884582322,0.5786584139883412,emission
Cobalt,water,ground-,007440-48-4,kilogram,871472.073356221,952526.7066277957,332362.8871812107,0.3813809958375509,emission
Hydrochloric acid,air,,007647-01-0,kilogram,947705.6100970678,953648.0275734813,97586.9824192132,0.1029718315260558,emission
"Transformation, to dump site, residual material landfill",natural resource,land,,square meter,897495.2736607534,957805.6408711794,305875.8888839621,0.3408105845909791,natural resource
Chlorine,water,,007782-50-5,kilogram,970999.7139213382,976441.0858087783,53790.77976550585,0.05539731783058331,emission
"Mercury, in ground",natural resource,in ground,7439-97-6,kilogram,947403.3303429717,985026.0457276686,275967.422169622,0.291288212032903,natural resource
Butyl acetate,water,surface water,000123-86-4,kilogram,954184.6119813295,985555.8689356856,216734.4688523027,0.227141022953893,emission
Chloroacetic acid,air,urban air close to ground,000079-11-8,kilogram,963734.6920875574,986160.282362526,191138.9378900279,0.1983314904603045,emission
Lead,soil,,007439-92-1,kilogram,862725.2235280208,990311.8940129757,501719.1368102803,0.5815514872262046,emission
Chlortoluron,soil,agricultural,015545-48-9,kilogram,969954.988052072,993292.8422397751,172620.8091785499,0.1779678555241192,emission
Oxamyl,soil,agricultural,023135-22-0,kilogram,981615.886252221,995922.6770127283,133687.2383654462,0.1361909889986193,emission
Molybdenum-99,water,surface water,014119-15-4,kilo Becquerel,993458.9060070713,996784.7305140259,66745.12352245433,0.06718458420259937,emission
"PAH, polycyclic aromatic hydrocarbons",air,urban air close to ground,130498-29-2,kilogram,971818.9602523441,1006205.403364859,202497.4313257626,0.2083695005015973,emission
"Acidity, unspecified",water,,012408-02-5,kilogram,833150.4259302065,1021203.185091396,700007.7875949291,0.8401937583040606,emission
Barium-140,air,non-urban air or from high stacks,014798-08-4,kilo Becquerel,1028412.283452844,1031723.657504811,69132.73061689959,0.06722277799404519,emission
Nitrate,air,,014797-55-8,kilogram,1024786.498449728,1037997.148389056,123610.7946212456,0.1206210218501522,emission
Acrolein,air,non-urban air or from high stacks,000107-02-8,kilogram,986764.0793297889,1043300.922243978,308612.168058144,0.312751725080785,emission
Selenium,water,ground-,007782-49-2,kilogram,907910.9480913198,1043474.547992862,595751.658972242,0.656178516433442,emission
Phosgene,air,,000075-44-5,kilogram,1042880.267274212,1047667.081162426,92816.75282753188,0.08900039222156163,emission
Lead,water,ground-,007439-92-1,kilogram,1036653.171890743,1049199.177505332,106524.8326266158,0.1027584109276645,emission
"Occupation, inland waterbody, unspecified",natural resource,land,,square meter-year,1048566.687432787,1050937.649660845,80873.0679886375,0.07712725280891727,natural resource
Titanium,air,,007440-32-6,kilogram,1049448.7411039,1062395.208880592,142289.4674640423,0.1355849617908637,emission
Fluoranthene,water,surface water,00206-44-0,kilogram,1000394.966015116,1100740.778257068,507748.6249566277,0.5075481606821237,emission
Flufenacet,soil,agricultural,142459-58-3,kilogram,1098063.954864229,1105951.177376632,146967.191423615,0.1338421052549593,emission
Dichromate,water,surface water,013907-47-6,kilogram,1028689.330286326,1118380.933694891,479616.3356283099,0.4662402160765226,emission
"Olivine, in ground",natural resource,in ground,,kilogram,1122860.097591233,1122860.097591297,1.580121296949683e-06,1.407229004164784e-12,natural resource
Dichromate,water,,013907-47-6,kilogram,1128694.575788162,1154264.853261394,248482.4621867904,0.2201503112684635,emission
Tungsten,soil,agricultural,007440-33-7,kilogram,862053.0966283572,1162350.177765454,1164129.820690399,1.350415450328428,emission
Uranium-238,air,"low population density, long-term",007440-61-1,kilo Becquerel,1028190.172696338,1163164.195202164,583965.4729843432,0.5679547310328258,emission
Nitrate,air,urban air close to ground,014797-55-8,kilogram,1162857.763206186,1173399.871153612,137270.6606080625,0.1180459596619842,emission
Phenmedipham,soil,agricultural,013684-63-4,kilogram,1160184.646011179,1179311.544299753,157188.0187101447,0.1354853464494393,emission
Monocrotophos,soil,agricultural,006923-22-4,kilogram,1150705.091762102,1183587.781331627,323747.4546620792,0.2813470253845121,emission
Acetamiprid,soil,agricultural,135410-20-7,kilogram,1180805.796625396,1186988.953040337,83894.58975607816,0.07104859240684543,emission
Methyl formate,air,urban air close to ground,000107-31-3,kilogram,1122534.455453795,1187170.653550168,423288.0396587665,0.3770824473157469,emission
Cerium-141,water,surface water,013967-74-3,kilo Becquerel,1197788.082318956,1200178.914486987,70044.50244653545,0.0584782095267863,emission
Boscalid,soil,agricultural,188425-85-6,kilogram,1188674.206393694,1202754.672673702,198514.9376133083,0.1670053380022274,emission
Malathion,soil,agricultural,000121-75-5,kilogram,1189348.509271873,1203725.089783057,71056.21139248584,0.0597438100258661,emission
Potassium,water,ground-,007440-09-7,kilogram,1195729.199496451,1210123.97379114,151186.0871918046,0.1264384003129409,emission
Vanadium,soil,,007440-62-2,kilogram,827121.8740409767,1221682.478917083,1318321.993896498,1.593866678263167,emission
Aluminium,air,non-urban air or from high stacks,007429-90-5,kilogram,1160638.955325488,1230466.888607392,420317.3694730992,0.3621430829497069,emission
Thorium-228,air,,014274-82-9,kilo Becquerel,1058878.863846898,1237612.447952756,716766.6216450414,0.676910878210407,emission
Antimony-122,water,surface water,014374-79-9,kilo Becquerel,1228494.239324226,1238406.307730085,89236.70853531132,0.07263909400535648,emission
Picoxystrobin,soil,agricultural,117428-22-5,kilogram,1234088.024144562,1239888.122903992,144225.8399397009,0.116868357133337,emission
Arsenic,soil,agricultural,007440-38-2,kilogram,1209223.305398068,1259151.451714678,385070.1084664254,0.3184441672166275,emission
Phosphoric acid,water,,007664-38-2,kilogram,1265007.884184059,1274017.812558929,135107.9380273114,0.1068040284305873,emission
"Arsenic, ion",water,,017428-41-0,kilogram,1094237.723344859,1277612.959301169,757419.5029415252,0.6921891713130216,emission
Epoxiconazole,soil,agricultural,106325-08-0,kilogram,1286472.299818703,1292901.439798871,130475.0074840076,0.1014207670871693,emission
Styrene,air,,000100-42-5,kilogram,1324817.796967455,1327116.830692979,103952.1551394037,0.07846524660021406,emission
Phorate,soil,agricultural,000298-02-2,kilogram,1288110.900518781,1330825.116511622,277101.7574789285,0.2151225933786657,emission
Propionic acid,air,non-urban air or from high stacks,000079-09-4,kilogram,1270820.545790242,1340288.765538053,360478.2389527418,0.2836578619592457,emission
Fluorine,air,non-urban air or from high stacks,007782-41-4,kilogram,1364319.838474356,1376270.828261228,126453.7588282784,0.09268630072086666,emission
"Titanium, ion",water,ground-,022541-75-9,kilogram,1357917.033276713,1382895.607832868,191263.8021741223,0.1408508748966749,emission
Thorium-228,water,ground-,014274-82-9,kilo Becquerel,1126020.896911582,1396990.127375918,996826.9327052424,0.885265038543522,emission
Water,air,lower stratosphere + upper troposphere,007732-18-5,cubic meter,1418620.350316609,1419071.596392541,38917.69106738194,0.02743347863203587,emission
Trichloroethylene,air,,000079-01-6,kilogram,1425307.818131917,1430324.083059174,125574.2602282156,0.08810325645501603,emission
Diethanolamine,water,,000111-42-2,kilogram,1447825.306761018,1451482.405132045,141586.7275044448,0.09779268731059385,emission
Tralkoxydim,soil,agricultural,087820-88-0,kilogram,1459480.779262693,1487852.463361427,292853.6839228653,0.2006560744642423,emission
Ethylene glycol monoethyl ether,air,non-urban air or from high stacks,000110-80-5,kilogram,1450458.089459718,1493860.329700171,350188.3792898029,0.2414329526889294,emission
"Hydrocarbons, chlorinated",air,,,kilogram,1469496.175093814,1496200.396358017,274298.0542676859,0.1866612917520349,emission
"Herbicides, unspecified",soil,agricultural,,kilogram,1489902.671443761,1508978.740978406,240590.4253114553,0.1614806322068783,emission
Sodium,air,non-urban air or from high stacks,007440-23-5,kilogram,1370972.660177987,1519725.641179763,684337.1134521362,0.4991617508720357,emission
"Cadmium, in ground",natural resource,in ground,7440-43-9,kilogram,1519686.347791808,1520901.849721057,61994.79051023966,0.04079446433161794,natural resource
Butene,air,,025167-67-3,kilogram,1528877.08109983,1532208.325044756,146075.8412893254,0.09554452944264344,emission
"Nitrogen, organic bound",water,,007727-37-9,kilogram,1540100.158653983,1546807.094412607,167949.4603342491,0.1090509986577974,emission
Benzene,water,ocean,000071-43-2,kilogram,1390817.912954968,1556801.744988655,759439.2822082068,0.5460378926200932,emission
Toluene,water,ocean,000108-88-3,kilogram,1370082.812268021,1575325.667436993,914461.5661489998,0.6674498489877481,emission
Ethofumesate,soil,agricultural,026225-79-6,kilogram,1550244.229205925,1576980.592767797,217799.6825816752,0.1404937870294397,emission
Xylene,water,ocean,001330-20-7,kilogram,1435109.459026329,1579967.47599607,802688.9441905626,0.5593224538671486,emission
Phenol,water,ground-,000108-95-2,kilogram,1589647.487026127,1590906.079724507,82453.02442480034,0.05186874769264186,emission
Iron,air,non-urban air or from high stacks,007439-89-6,kilogram,1450286.495786557,1618077.850542261,746640.8346291927,0.5148229931109269,emission
"Silver, ion",water,surface water,014701-21-4,kilogram,1539227.512681331,1640850.232116252,351907.6856940079,0.2286261665638925,emission
Bromine,water,ground-,007726-95-6,kilogram,1211091.415681214,1640966.538899066,1404127.561218179,1.159390235152799,emission
Magnesium,air,,007439-95-4,kilogram,1345267.863120187,1641448.631576736,1152602.725816735,0.8567830670862917,emission
Aluminium,air,,007429-90-5,kilogram,1602493.550513132,1667578.441232785,348958.5301495898,0.2177597095712806,emission
Chromium VI,air,non-urban air or from high stacks,018540-29-9,kilogram,1511966.524692318,1671882.728964728,698119.5191112049,0.4617294812484494,emission
Chlorine,soil,,007782-50-5,kilogram,1672178.510504568,1685011.263037424,193219.2856983132,0.1155494371471205,emission
Thorium-232,air,,007440-29-1,kilo Becquerel,1314959.473240729,1688100.717122784,1237706.04147244,0.941250332546069,emission
Mecoprop-P,soil,agricultural,016484-77-8,kilogram,1694529.831659644,1706033.565795231,203585.622888252,0.1201428379038082,emission
Nitrogen,soil,industrial,007727-37-9,kilogram,1244593.09432351,1709238.035468304,1647335.40112055,1.323593557311153,emission
"2,4-di-tert-butylphenol",water,,000096-76-4,kilogram,1745294.50107054,1758017.069589057,175211.590907464,0.1003908456710266,emission
"Sodium, in ground",natural resource,in ground,7440-23-5,kilogram,1763367.574982883,1764957.149374322,70577.50611600962,0.04002427350786164,natural resource
Anthraquinone,soil,agricultural,000084-65-1,kilogram,1751100.726763227,1771644.643756329,241457.7327646931,0.137889116870512,emission
"Ethane, 1,2-dichloro-",air,,000107-06-2,kilogram,1697275.501458218,1791572.590334407,599664.4586949397,0.3533100302100258,emission
Dimethachlor,soil,agricultural,050563-36-5,kilogram,1761515.510095669,1797242.915327834,316279.0297695465,0.1795493868528975,emission
Trinexapac-ethyl,soil,agricultural,095266-40-3,kilogram,1787219.72088183,1812492.176540253,246885.6605393778,0.138139512257375,emission
Chromium VI,water,ground-,018540-29-9,kilogram,1273665.798541361,1831390.230666323,2232218.284106437,1.752593409246631,emission
"Oils, non-fossil",soil,industrial,,kilogram,1741494.039788225,1854822.447393771,650575.5483602679,0.3735732270662158,emission
Boron,soil,,007440-42-8,kilogram,1769762.112440767,1890723.22882948,595831.4983272015,0.3366732139527275,emission
Ethane,air,,000074-84-0,kilogram,1861246.630037371,1894809.898641692,305736.0444957076,0.1642641225303757,emission
"Arsenic, in ground",natural resource,in ground,007440-38-2,kilogram,1895766.130543425,1895745.808651455,25298.2965924849,0.01334462947981515,natural resource
Boron,water,ground-,007440-42-8,kilogram,1611053.60808845,1905526.039117454,1119910.736951695,0.6951418198184562,emission
Trifloxystrobin,soil,agricultural,141517-21-7,kilogram,1911546.380005986,1917258.748406043,173862.6801459294,0.09095394282056862,emission
"Lithium, ion",water,surface water,017341-24-1,kilogram,1713234.947267388,1946358.093563521,938176.5696610224,0.5476053189070273,emission
Thiophanate-methyl,soil,agricultural,023564-05-8,kilogram,1902132.015733538,1955350.620804904,350823.3994172377,0.1844369352470765,emission
Potassium,air,non-urban air or from high stacks,007440-09-7,kilogram,1811762.763866615,1958142.028468188,1055803.990843241,0.5827495806294044,emission
Prothioconazol,soil,agricultural,178928-70-6,kilogram,1949123.26133518,1961183.963878312,219804.0059470778,0.1127707058385362,emission
Fluoride,soil,,016984-48-8,kilogram,1927923.45780317,1967902.694035182,406844.7475315768,0.2110274377776223,emission
Iodine-133,water,surface water,014834-67-4,kilo Becquerel,1976718.889362494,1977647.20845172,103070.6617941237,0.0521422961801942,emission
Tin,air,urban air close to ground,007440-31-5,kilogram,1948709.507833072,1985324.331854767,319055.0978486651,0.1637263514988688,emission
"Insecticides, unspecified",soil,agricultural,,kilogram,1951614.923424426,1993355.415977711,392829.3644990266,0.2012842594018207,emission
"Ethane, 1,2-dichloro-",air,urban air close to ground,000107-06-2,kilogram,1774849.726444644,2007069.492466293,1051268.421901007,0.5923140456555127,emission
Silicon,water,,007440-21-3,kilogram,1993907.042854893,2009171.564987503,211401.3966159807,0.1060236972297838,emission
Methanol,water,,000067-56-1,kilogram,1757116.010336299,2031723.592225191,1033196.445587067,0.5880069611279227,emission
Clodinafop-propargyl,soil,agricultural,105512-06-9,kilogram,2024215.350356077,2040957.051999128,267813.6947510084,0.1323049421119633,emission
"Chlorinated solvents, unspecified",water,surface water,,kilogram,1709601.601854517,2044137.259060925,1333360.438313188,0.779924654297706,emission
Flurtamone,soil,agricultural,096525-23-4,kilogram,2039235.722585532,2050746.176949501,189934.5055949007,0.09314004432704039,emission
Benzaldehyde,air,urban air close to ground,000100-52-7,kilogram,2073543.316115094,2082532.927632906,141318.839230646,0.06815330942563341,emission
Sodium,water,ground-,007440-23-5,kilogram,2069872.40975023,2092268.368149781,248702.0311094839,0.1201533147347447,emission
Propanal,air,non-urban air or from high stacks,000123-38-6,kilogram,1957850.806836236,2122786.322106329,799063.046545005,0.4081327564668938,emission
Fenamiphos,soil,agricultural,022224-92-6,kilogram,2026885.980232849,2123300.728008889,600219.1026804051,0.2961286962039433,emission
Borate,water,,011129-12-7,kilogram,2112614.066694935,2144673.856967931,327916.5291253572,0.1552183781670847,emission
"PAH, polycyclic aromatic hydrocarbons",water,surface water,130498-29-2,kilogram,1880332.431766279,2165949.283094835,1272358.812856777,0.6766669506740328,emission
"Ethene, chloro-",air,,000075-01-4,kilogram,2118964.350738049,2184437.229442058,466773.754682552,0.2202839111096757,emission
Chlorine,water,surface water,007782-50-5,kilogram,2167182.068454422,2189560.696546642,237551.812456608,0.109613223510115,emission
Lambda-cyhalothrin,soil,agricultural,091465-08-6,kilogram,2195189.568239535,2208915.882622738,190143.7013898299,0.08661835139018013,emission
Decanoic acid,water,,000334-48-5,kilogram,2219748.630595892,2234672.380823326,221607.1758068854,0.09983435635565405,emission
Nitrogen,soil,,007727-37-9,kilogram,2002460.120681383,2244335.759718678,1132455.427730121,0.5655320752878601,emission
Phenol,air,,000108-95-2,kilogram,2091706.063074757,2252943.745235157,913128.7893088158,0.436547374140389,emission
"Transformation, to unspecified, natural (non-use)",natural resource,land,,square meter,2025836.868166136,2261284.816965392,1109398.88723776,0.5476249863307255,natural resource
m-Xylene,air,,000108-38-3,kilogram,2265307.485504989,2275249.054592824,187661.0644551262,0.08284132094910383,emission
Dinitrogen tetroxide,air,,010544-72-6,kilogram,2260499.617433445,2276590.586775062,228464.778624134,0.1010682668831996,emission
Nitrogen,water,ocean,007727-37-9,kilogram,2280937.811932739,2290657.151959263,190144.212186383,0.08336229562754516,emission
"Nickel, ion",water,ocean,014701-22-5,kilogram,2010766.035658642,2337902.836943525,1333530.209135274,0.6631951134476299,emission
Methyl ethyl ketone,air,urban air close to ground,000078-93-3,kilogram,2336049.888813877,2346434.39124485,180953.6305476991,0.07746137247076423,emission
Molybdenum,air,,007439-98-7,kilogram,2364158.692589205,2379541.211347816,372934.6484503627,0.1577451842041653,emission
Spiroxamine,soil,agricultural,118134-30-8,kilogram,2364579.278408869,2390831.688568527,331981.9413699141,0.1403978899761422,emission
Manganese,soil,,007439-96-5,kilogram,1621400.588074103,2487285.165631446,2682045.100955448,1.654153279999224,emission
Iodine-133,air,non-urban air or from high stacks,014834-67-4,kilo Becquerel,2479590.990592293,2491182.308454124,183727.0236101743,0.0740956973578485,emission
Hydrogen sulfide,water,surface water,007783-06-4,kilogram,2213542.040656322,2495100.751208707,1134411.978009969,0.5124872070076487,emission
Buprofezin,soil,agricultural,069327-76-0,kilogram,2474481.847984638,2496450.925151053,444098.9680264056,0.1794714996143963,emission
Fenpropimorph,soil,agricultural,067306-03-0,kilogram,2511225.992270689,2519259.297188534,191367.5466611623,0.07620482873710814,emission
Benfluralin,soil,agricultural,001861-40-1,kilogram,2421514.016976637,2530236.594788276,728489.9022164141,0.3008406712119572,emission
Diclofop,soil,agricultural,040843-25-2,kilogram,2511586.190291233,2530709.962425215,342108.1900264258,0.1362120047278793,emission
Deltamethrin,soil,agricultural,052918-63-5,kilogram,2508938.958895203,2547168.306396274,381746.1797220011,0.1521544310070026,emission
"Gadolinium, in ground",natural resource,in ground,007440-54-2,kilogram,2552661.250946052,2556739.264892395,85142.64103425089,0.03335446134997185,natural resource
"Methane, trifluoro-, HFC-23",air,urban air close to ground,000075-46-7,kilogram,2471571.654105974,2581561.320552147,722124.579260987,0.292172220886793,emission
Cobalt,air,urban air close to ground,007440-48-4,kilogram,2400729.240234685,2615359.423818648,1018316.520067351,0.424169666033561,emission
Dimethyl carbonate,air,,000616-38-6,kilogram,2612895.302535074,2619043.150431783,213833.3034673487,0.08183768529105784,emission
"Tantalum, in ground",natural resource,in ground,007440-25-7,kilogram,2602935.238903923,2625174.823779272,339029.2339425542,0.1302488163652189,natural resource
"Transformation, from river, natural (non-use)",natural resource,land,,square meter,2510789.010575106,2626791.417491387,955259.8854870261,0.3804620306459841,natural resource
Zinc,air,lower stratosphere + upper troposphere,007440-66-6,kilogram,2375054.975776388,2637145.582683033,1206073.955517306,0.5078088582446599,emission
Metalaxil,soil,agricultural,057837-19-1,kilogram,2634796.541809225,2647694.009155495,158961.6891584287,0.0603316751923756,emission
2-Methyl-1-propanol,air,non-urban air or from high stacks,000078-83-1,kilogram,2582371.815056708,2661885.793271518,575876.274414301,0.2230028499601073,emission
Tellurium-123m,water,surface water,378784-49-7,kilo Becquerel,2646553.677115398,2667135.249598096,194133.2494556702,0.0733532257948628,emission
Barium-140,water,surface water,014798-08-4,kilo Becquerel,2688160.721717754,2698183.88826819,189036.3190813539,0.07032180686002967,emission
Selenium,air,urban air close to ground,007782-49-2,kilogram,2509870.998512821,2709836.127544425,1007923.065461428,0.4015836136831951,emission
Orbencarb,soil,agricultural,034622-58-7,kilogram,2669648.187772645,2713369.883799573,372703.659529818,0.1396077809940845,emission
Tin,air,non-urban air or from high stacks,007440-31-5,kilogram,2387246.670980502,2714975.246836293,1402865.034034641,0.5876498022127091,emission
Indoxacarb,soil,agricultural,173584-44-6,kilogram,2720797.476251611,2722717.120424274,202825.2133502775,0.07454623694730332,emission
Terpenes,air,non-urban air or from high stacks,068956-56-9,kilogram,2727496.179029647,2727496.179029646,4.658942927200225e-10,1.708139121521235e-16,emission
Quinclorac,soil,agricultural,084087-01-4,kilogram,2706012.720919056,2745538.232075384,449831.5448951572,0.1662340836085866,emission
Vanadium,air,non-urban air or from high stacks,007440-62-2,kilogram,2547283.863145296,2746460.68712984,855038.422661166,0.3356667213387812,emission
Benzaldehyde,air,,000100-52-7,kilogram,2738169.817291179,2749108.616979526,237113.4447350557,0.08659559507146554,emission
Diclofop-methyl,soil,agricultural,051338-27-3,kilogram,2734410.425974231,2769409.653789942,371961.8439763137,0.1360299977073811,emission
Terbacil,soil,agricultural,005902-51-2,kilogram,2670374.488390893,2784851.205422366,653817.8547871338,0.2448412601414229,emission
Cobalt,water,surface water,007440-48-4,kilogram,2570705.75590532,2796194.475512796,1139258.052904669,0.4431693710132372,emission
Fluorochloridone,soil,agricultural,061213-25-0,kilogram,2793148.839895727,2822128.920587332,365498.5454563168,0.1308553773561031,emission
Metribuzin,soil,agricultural,021087-64-9,kilogram,2836896.358409008,2864237.297831662,298256.3313558273,0.1051347295334736,emission
"Phenol, pentachloro-",air,non-urban air or from high stacks,000087-86-5,kilogram,2609475.164883429,2880024.043947492,1325457.714544938,0.5079403446264065,emission
Chromium VI,soil,,018540-29-9,kilogram,2833493.58266056,2911803.802540589,646181.9906440137,0.2280513337310154,emission
Alpha-cypermethrin,soil,agricultural,052315-07-8,kilogram,2864561.750845957,2935657.967171051,730204.9054161444,0.2549098148086708,emission
Tin,air,,007440-31-5,kilogram,2685768.918014172,2951551.76625905,1099354.374263274,0.4093257490953929,emission
"Samarium, in ground",natural resource,in ground,007440-19-9,kilogram,2964225.028556081,2963827.470929601,94181.06805806322,0.03177257703135319,natural resource
Phenol,water,ocean,000108-95-2,kilogram,2594184.701208686,2995098.49890642,1597637.101524898,0.6158532585519161,emission
"Anhydrite, in ground",natural resource,in ground,014798-04-0,kilogram,2999946.895023752,2999946.895023751,9.31788585440045e-10,3.106016933118636e-16,natural resource
Antimony,air,non-urban air or from high stacks,007440-36-0,kilogram,2646528.282209814,3021936.482206018,1461751.719946936,0.5523280177177602,emission
Cyclohexane (for all cycloalkanes),air,urban air close to ground,,kilogram,3043610.190404627,3051655.741747876,150006.2974995011,0.04928564701630166,emission
"PAH, polycyclic aromatic hydrocarbons",air,,130498-29-2,kilogram,2981004.203369687,3057016.418834686,451449.835932126,0.1514422003906647,emission
Radium-228,air,,015262-20-1,kilo Becquerel,2681631.841251748,3061398.044088637,1419769.247765359,0.5294422694140711,emission
Copper,soil,,007440-50-8,kilogram,2886568.749777393,3069285.541709286,904379.8063739068,0.3133061724040527,emission
Pyraclostrobin (prop),soil,agricultural,175013-18-0,kilogram,3054294.209941991,3072572.411600837,249815.4486532971,0.08179154707497603,emission
"Methane, chlorodifluoro-, HCFC-22",air,urban air close to ground,000075-45-6,kilogram,2987008.687942151,3087034.663484146,781957.5367731941,0.2617861608269745,emission
Isocyanic acid,air,urban air close to ground,000075-13-8,kilogram,2722982.008952681,3096595.862513589,1640416.551111385,0.6024338558675698,emission
Sulfur hexafluoride,air,,002551-62-4,kilogram,3103472.081239063,3109347.661262291,160298.4435991063,0.05165132451750847,emission
"Cadmium, ion",water,ground-,022537-48-0,kilogram,3115521.113167832,3119878.826627275,172023.5028643623,0.05521500147673546,emission
Diflufenican,soil,agricultural,083164-33-4,kilogram,3104572.69639867,3121600.037965612,349338.3787743144,0.1125238198414712,emission
Dodecanol,water,,000112-53-8,kilogram,3124113.755715776,3136757.381103593,245539.3735216327,0.07859488889365884,emission
Fluroxypyr,soil,agricultural,069377-81-7,kilogram,3102714.014131749,3172799.171784924,595623.6130862209,0.1919685831092937,emission
EPTC,soil,agricultural,000759-94-4,kilogram,3127886.442888218,3200877.334084396,691545.7968887447,0.2210904422253218,emission
Lanthanum-140,water,surface water,013981-28-7,kilo Becquerel,3207801.916173673,3209871.917539212,178709.5845589099,0.05571091645586336,emission
Nitrite,water,ground-,014797-65-0,kilogram,3091408.025412748,3234304.550495314,990227.5327228467,0.3203160257664909,emission
Propene,air,,000115-07-1,kilogram,3162711.969925556,3258154.303475963,771188.8528870883,0.2438378392406187,emission
Acetonitrile,air,non-urban air or from high stacks,000075-05-8,kilogram,3272995.435372136,3272995.435372136,4.658942927200225e-10,1.423449259002865e-16,emission
Dicamba,soil,agricultural,001918-00-9,kilogram,3282962.810410241,3310347.750626866,415300.6125362464,0.1265017718809767,emission
Ethene,water,surface water,000074-85-1,kilogram,3189409.976340293,3468755.054605983,1453384.12505201,0.4556905935058573,emission
Butanol,air,urban air close to ground,000071-36-3,kilogram,3196213.813082002,3473774.671922455,1502652.947492508,0.4701353023825243,emission
Sodium,water,,007440-23-5,kilogram,3418120.572126143,3474369.56873454,650643.1670864802,0.1903511457121498,emission
Styrene,air,urban air close to ground,000100-42-5,kilogram,3489236.74950148,3496130.97225009,120125.0049668713,0.03442730132428932,emission
Pirimicarb,soil,agricultural,023103-98-2,kilogram,3493881.512983882,3505496.920713144,432999.1310411223,0.1239306855232557,emission
Chromium,air,urban air close to ground,007440-47-3,kilogram,3150879.690921932,3508160.37605528,1495649.642783348,0.4746768488471638,emission
Chlorine,water,ground-,007782-50-5,kilogram,3527946.008869213,3538658.615895022,216253.4637919903,0.06129727134381642,emission
Ethephon,soil,agricultural,016672-87-0,kilogram,3495039.960207743,3542533.446085323,462710.9453108165,0.1323907453359456,emission
Iodine,air,urban air close to ground,007553-56-2,kilogram,3171885.386938963,3546906.90743878,1621184.139649332,0.5111105673379517,emission
Manganese,air,,007439-96-5,kilogram,3266716.788298142,3551798.699091548,1169075.968567512,0.3578749075387598,emission
Cyproconazole,soil,agricultural,094361-06-5,kilogram,3541837.165877699,3554709.28877507,210837.3966462069,0.05952769333311785,emission
Titanium,soil,agricultural,007440-32-6,kilogram,2848924.341615537,3560189.874198294,2740220.385703893,0.961843860040874,emission
Phenol,water,,000108-95-2,kilogram,3308289.920183165,3618320.374014881,1520031.066948246,0.4594612635594188,emission
Calcium,air,non-urban air or from high stacks,007440-70-2,kilogram,3317996.973690222,3636324.189694487,1669823.149818242,0.5032624089349581,emission
Diquat,soil,agricultural,000231-36-7,kilogram,3601600.546163008,3661578.740728722,552756.0530262421,0.1534751136172291,emission
Molybdenum,air,urban air close to ground,007439-98-7,kilogram,3585462.177021124,3663205.69177285,601005.7043011124,0.1676229380281569,emission
Barium,soil,,007440-39-3,kilogram,3301464.384663471,3675279.529462552,1712344.632889831,0.518662155146761,emission
Sulfide,water,ground-,018496-25-8,kilogram,3680737.948957582,3776522.936512649,555106.4709048859,0.1508139070487474,emission
"Particulates, < 2.5 um",air,"low population density, long-term",,kilogram,3654476.996838972,3800717.472706071,735766.7219172383,0.2013329739258607,emission
Xylene,water,,001330-20-7,kilogram,3121554.783163255,3830340.261520789,2748536.134911514,0.8805022899922523,emission
Acrolein,air,,000107-02-8,kilogram,3805621.521102755,3832303.7170402,314845.9537774081,0.08273180925416229,emission
Propanal,air,urban air close to ground,000123-38-6,kilogram,3749342.787786128,3841979.874409903,897280.1031306669,0.2393166359858185,emission
Hydrogen sulfide,air,"low population density, long-term",007783-06-4,kilogram,3865094.128123532,3872607.743501557,338013.331389025,0.08745280714628478,emission
Dimethyldichlorosilane,water,,000075-78-5,kilogram,3867049.359306163,3899971.482616411,396793.0794139096,0.1026087444317244,emission
"Aldehydes, unspecified",air,urban air close to ground,,kilogram,3917163.629921766,3917171.97634348,70.64761442036999,1.80354003801932e-05,emission
Endosulfan,soil,agricultural,000115-29-7,kilogram,3891001.141546015,3931843.873400944,622612.0522637985,0.1600133306608117,emission
Lauric acid,air,,000143-07-7,kilogram,3962945.423258823,3973353.016513837,415476.3446439739,0.1048402892973272,emission
Fluorine,air,urban air close to ground,007782-41-4,kilogram,3869374.257918182,4024497.620616459,855659.2983767383,0.2211363495339693,emission
Trisodium phosphate,air,,007601-54-9,kilogram,4033039.698833442,4054874.646393401,424298.9730281303,0.1052057516693572,emission
Borate,water,surface water,011129-12-7,kilogram,3606522.935597372,4116528.501200958,2174151.290765821,0.6028386148071737,emission
Simazine,soil,agricultural,000122-34-9,kilogram,3909560.528955976,4124598.456496356,1140423.551202466,0.2917012136673606,emission
"Gold, in ground",natural resource,in ground,007440-57-5,kilogram,4128073.395285794,4130493.228758194,159916.0859378869,0.03873867313515041,natural resource
Hypochlorite,water,ocean,014380-61-1,kilogram,4083167.340787735,4134586.949551116,476155.0476672152,0.1166141399375893,emission
Chloride,soil,,016887-00-6,kilogram,3699711.27395813,4182934.35369343,2200452.283651125,0.5947632452131797,emission
Ioxynil,soil,agricultural,001689-83-4,kilogram,4175818.303250392,4203633.495201892,534987.829281573,0.1281156866583842,emission
Mecoprop,soil,agricultural,000093-65-2,kilogram,4228955.219703462,4299113.453664257,780103.0172714867,0.1844670791586647,emission
Nitrate,water,ocean,014797-55-8,kilogram,4252424.29916367,4329446.98101168,897354.7200138419,0.2110219152379328,emission
Chloramine,water,surface water,010599-90-3,kilogram,4007947.171443879,4332756.05762215,1611249.026895275,0.4020135390943329,emission
Rubidium,water,surface water,007440-17-7,kilogram,3895778.525682658,4333288.488197153,2018093.895114309,0.5180206938895938,emission
Hypochlorite,water,surface water,014380-61-1,kilogram,4358555.585786769,4413859.815536045,547465.9425064884,0.1256071952579365,emission
Strontium,soil,,007440-24-6,kilogram,3942732.452105279,4421065.577041906,2229601.088324886,0.5654964204163431,emission
Formaldehyde,water,surface water,000050-00-0,kilogram,4144332.886585935,4466896.67623307,1598374.16095459,0.3856770690713788,emission
Fosetyl-aluminium,soil,agricultural,,kilogram,4450488.101300761,4521140.59904817,774116.1480366536,0.1739396062670968,emission
Bentazone,soil,agricultural,025057-89-0,kilogram,4549268.25085263,4600120.278855816,553997.2674773223,0.1217772259029771,emission
"Methane, tetrafluoro-, R-14",air,,000075-73-0,kilogram,4604485.264397666,4674010.451236393,706706.2116788913,0.1534821312478103,emission
Silicon,soil,industrial,007440-21-3,kilogram,4066382.748088867,4746051.517232955,2813243.188988114,0.6918294128387918,emission
Tebuconazole,soil,agricultural,080443-41-0,kilogram,4736101.319670385,4761121.638611779,450073.7985469123,0.095030441320507,emission
"Vanadium, ion",water,surface water,022541-77-1,kilogram,3856827.235606062,4768247.413870845,3156672.248940765,0.818463482055536,emission
Formaldehyde,water,,000050-00-0,kilogram,3831566.582742061,4771537.474417032,3617669.420619161,0.9441750110551846,emission
"Wood, unspecified, standing",natural resource,biotic,,cubic meter,4514759.019618496,4776865.543716294,1503463.587923816,0.3330108166107303,natural resource
Triclopyr,soil,agricultural,055335-06-3,kilogram,4762115.095554636,4791412.652479555,657214.1032867947,0.1380088658294493,emission
Selenium,air,non-urban air or from high stacks,007782-49-2,kilogram,4590529.113913098,4848883.073481369,1222330.123345074,0.266272164496333,emission
Chloridazon,soil,agricultural,001698-60-8,kilogram,4765879.175767293,4885941.92773449,887733.5874265614,0.1862685885828481,emission
Phosphorus trichloride,air,,007719-12-2,kilogram,4874716.43272752,4892549.426292796,373472.8332696805,0.07661426842437141,emission
"Ethane, 1,2-dichloro-",water,surface water,000107-06-2,kilogram,4140506.943953333,4898123.807860728,3133896.836546373,0.756887231193518,emission
"Benzene, ethyl-",air,,000100-41-4,kilogram,4200175.287368568,4997984.698877081,3206595.839913293,0.7634433376046651,emission
Hydroxide,water,,014280-30-9,kilogram,4930848.180709742,5096471.480215182,1284717.693150747,0.260546998420427,emission
Nitrate,soil,,014797-55-8,kilogram,5089648.681312478,5135529.837001029,541562.6039180461,0.106404712354015,emission
Molybdenum,water,ground-,007439-98-7,kilogram,3884041.326208573,5174138.406869078,4372776.411439456,1.125831587303929,emission
Aniline,water,,000062-53-3,kilogram,5184584.691198913,5210234.832737053,435624.5414346694,0.08402303508980448,emission
Mercury,water,"ground-, long-term",007439-97-6,kilogram,3862074.494575279,5222779.750689013,4959164.043450798,1.284067422939797,emission
Chlorine,air,,007782-50-5,kilogram,5175486.566690501,5240538.263352827,582533.5566431064,0.1125562880198163,emission
Chloroform,air,urban air close to ground,000067-66-3,kilogram,5047289.368397072,5271282.277272338,1775235.280940883,0.3517205278651708,emission
Lead,air,lower stratosphere + upper troposphere,007439-92-1,kilogram,4794495.386029623,5274228.803040329,2491978.372362454,0.5197582168133215,emission
Sulfide,water,,018496-25-8,kilogram,5099463.338975279,5289507.8516056,1465466.338702357,0.2873765808848501,emission
Dimethenamid,soil,agricultural,087674-68-8,kilogram,5264994.015261597,5296285.551813215,676288.2771312223,0.1284499612289911,emission
Diazinon,soil,agricultural,000333-41-5,kilogram,5249326.697729856,5376252.090669131,1115225.829077393,0.2124512138975248,emission
"Transformation, from traffic area, road network",natural resource,land,,square meter,5450451.931075457,5456720.551665839,481023.1517016793,0.08825381047012851,natural resource
"AOX, Adsorbable Organic Halogen as Cl",water,,,kilogram,5506453.149856291,5514334.062962721,283572.3411029101,0.05149818465454679,emission
Paraffins,air,urban air close to ground,008002-74-2,kilogram,4985807.49436746,5548925.61922044,2726729.068103715,0.5468981847341962,emission
Iron,water,ground-,007439-89-6,kilogram,5487355.717308239,5561160.35305031,645971.9488070309,0.1177200790481841,emission
Uranium-238,air,,007440-61-1,kilo Becquerel,4328670.267290758,5611467.839267186,4459544.70996168,1.030234329387448,emission
Hydroxide,water,surface water,014280-30-9,kilogram,5252904.378141746,5629323.340575206,2091793.510649822,0.3982165598433775,emission
Niobium-95,water,surface water,013967-76-5,kilo Becquerel,5615883.320009661,5639823.072606973,351992.9258825671,0.06267810526411748,emission
Sulfentrazone,soil,agricultural,122836-35-5,kilogram,5582783.214175334,5652344.095229102,712863.3822863225,0.1276896047971699,emission
"Aerosols, radioactive, unspecified",air,non-urban air or from high stacks,,kilo Becquerel,5590395.726629668,5656567.623632244,1134756.54928008,0.2029832242241286,emission
o-Xylene,air,urban air close to ground,000095-47-6,kilogram,5643048.893206915,5667246.199429216,335811.7144599576,0.05950891456287163,emission
Phosphorus,soil,,007723-14-0,kilogram,5087003.34982834,5687765.222692824,3063181.269589121,0.6021582961396099,emission
Iron,soil,industrial,007439-89-6,kilogram,2484970.320610233,5726933.717428471,12440879.22295716,5.006449823473972,emission
Terbufos,soil,agricultural,013071-79-9,kilogram,5509012.905705481,5730580.035612642,1182098.159870399,0.2145753114221504,emission
Benzo(a)pyrene,air,non-urban air or from high stacks,000050-32-8,kilogram,5639300.056606389,5733907.918937701,1175993.046642224,0.208535285379,emission
"Hydrocarbons, aliphatic, unsaturated",water,surface water,,kilogram,4864923.251157621,5762758.952123301,3641469.167211175,0.74851523430399,emission
Arsenic,air,urban air close to ground,007440-38-2,kilogram,4885038.549421288,5801152.821495514,3551589.732704829,0.7270341260921211,emission
"Chromium, ion",water,,016065-83-1,kilogram,5506291.714621086,5971446.837539336,2170637.928369055,0.3942104851810283,emission
Paraquat,soil,agricultural,004685-14-7,kilogram,5948908.298984977,6067653.809389554,1021216.957567626,0.171664598989006,emission
Oxyfluorfen,soil,agricultural,042874-03-3,kilogram,6029725.61520828,6078137.012711922,726160.8617204641,0.1204301668203489,emission
"Nickel, ion",water,ground-,014701-22-5,kilogram,6009989.718967006,6111210.723581349,586582.3643880812,0.09760122592837027,emission
Fenpropidin,soil,agricultural,067306-00-7,kilogram,6082663.310336046,6124593.787342958,742188.2395666464,0.1220169852744394,emission
"Water, in air",natural resource,in air,007732-18-5,cubic meter,6322408.473911727,6322075.293110197,371303.7985807752,0.058728220442082,natural resource
Sodium,air,,007440-23-5,kilogram,5487348.591997523,6339025.377342644,3057127.675534434,0.5571229208934889,emission
Potassium-40,air,,013966-00-2,kilo Becquerel,4853203.26841314,6419122.263105651,5167670.751279222,1.06479586068706,emission
"Transformation, to forest, secondary (non-use)",natural resource,land,,square meter,6413942.267284147,6458182.885126846,556182.4539354296,0.08671460246413065,natural resource
"VOC, volatile organic compounds, unspecified origin",water,,,kilogram,5881002.102084011,6544969.346723921,2894147.374073804,0.4921180648869731,emission
Acrylonitrile,water,,000107-13-1,kilogram,6625449.264358301,6677050.444953136,614767.0591340398,0.09278873546601406,emission
Aluminium hydroxide,water,,021645-51-2,kilogram,6717527.706852376,6770379.366601858,711166.8683265565,0.1058673517045733,emission
Radium-226,air,,013982-63-3,kilo Becquerel,5349393.151956677,6773713.96565305,5376685.559679122,1.005101963334376,emission
Dimethoate,soil,agricultural,000060-51-5,kilogram,6751846.188943194,6808456.102936978,677313.3180670922,0.1003152766092715,emission
Diuron,soil,agricultural,000330-54-1,kilogram,6770197.924154488,6817163.34008131,598653.4842003509,0.08842481282038961,emission
"Titanium, ion",water,surface water,022541-75-9,kilogram,5035452.594117807,6925806.770310451,6034260.894133407,1.198355218591942,emission
"Ethane, 1,1-difluoro-, HFC-152a",air,non-urban air or from high stacks,000075-37-6,kilogram,6790545.042614937,6939615.388727213,1179429.086966926,0.1736869543704175,emission
"Ethane, 1,1,1,2-tetrafluoro-, HFC-134a",air,non-urban air or from high stacks,000811-97-2,kilogram,6853134.316081468,6998572.227559712,1138093.166610063,0.1660690005651034,emission
Mesotrione,soil,agricultural,104206-82-8,kilogram,6803432.86871383,7031358.787261164,1572750.753118562,0.2311701729800247,emission
Monoethanolamine,water,,000141-43-5,kilogram,6438464.314327477,7035832.348486805,3065286.059213846,0.4760896247250579,emission
Sulfur,water,ground-,007704-34-9,kilogram,7071959.272425303,7110430.977833258,803861.3047270876,0.1136688255348798,emission
Strontium,air,non-urban air or from high stacks,007440-24-6,kilogram,6943981.320548188,7130813.838202773,1248797.523435856,0.179838836798206,emission
Barium,air,non-urban air or from high stacks,007440-39-3,kilogram,7055805.760993213,7243253.691481572,1285507.858109524,0.1821915032321651,emission
Acrolein,air,urban air close to ground,000107-02-8,kilogram,7232489.552531149,7258512.128805976,539680.8792313517,0.07461896423237555,emission
Lead,water,,007439-92-1,kilogram,6457772.83593112,7320865.764496827,3289716.945345266,0.5094197378763843,emission
Metazachlor,soil,agricultural,067129-08-2,kilogram,7276577.765198223,7370007.939040368,836768.3434193697,0.1149947640800861,emission
Hydrogen peroxide,water,surface water,007722-84-1,kilogram,6846752.489650128,7378097.434410171,2706077.079781529,0.3952351255390292,emission
Propiconazole,soil,agricultural,060207-90-1,kilogram,7410692.483542928,7460108.38172996,771372.0427851261,0.1040890638085614,emission
"Benzene, chloro-",water,surface water,000108-90-7,kilogram,7364920.002975063,7470303.882330824,1059837.950519706,0.1439035251016418,emission
Lead,air,,007439-92-1,kilogram,7147809.889474479,7472641.773852224,1700639.533674975,0.237924561505092,emission
Diethylene glycol,air,non-urban air or from high stacks,000111-46-6,kilogram,7327058.397229519,7521881.414262678,1679791.657237379,0.2292586691915184,emission
Selenium,water,surface water,007782-49-2,kilogram,5031244.138798941,7532753.509451455,9224899.914759256,1.833522615931221,emission
Carbonyl sulfide,air,,000463-58-1,kilogram,7531809.59306227,7533068.563945318,180311.5137517696,0.02393999895029992,emission
Bromine,air,urban air close to ground,007726-95-6,kilogram,7248777.017792586,7621057.376441238,1928600.25423541,0.2660587088693083,emission
Cadmium,air,non-urban air or from high stacks,007440-43-9,kilogram,6650158.181851793,7670612.335730703,4265490.616891713,0.6414119033336965,emission
"Titanium, ion",water,,022541-75-9,kilogram,7571519.245385662,7673616.071465082,747648.4992938119,0.09874484565953576,emission
Methanol,water,surface water,000067-56-1,kilogram,7396250.958738573,7742692.49115428,1993069.507009439,0.2694702381149809,emission
Sulfur trioxide,air,,007446-11-9,kilogram,7764809.169839256,7795967.772998434,567287.9170689661,0.07305883565979636,emission
"Hydrocarbons, aliphatic, unsaturated",air,,,kilogram,7709692.546020202,7913370.711140423,1675185.760168051,0.2172830823237943,emission
Chloride,soil,agricultural,016887-00-6,kilogram,6624752.732018482,7917219.385481625,5507361.999464157,0.831330952602382,emission
"Copper, ion",water,ocean,017493-86-6,kilogram,7117303.868054206,7922657.32716558,3637464.474683445,0.511073370213978,emission
Ethylene oxide,water,surface water,000075-21-8,kilogram,7818870.344094351,8000104.541688126,1700172.619076767,0.2174447898807939,emission
Benzaldehyde,air,non-urban air or from high stacks,000100-52-7,kilogram,7370585.468111301,8043428.770615192,3492375.915407758,0.4738261201253899,emission
Benzene,water,,000071-43-2,kilogram,6639890.400501616,8049290.443368148,5712775.142367696,0.8603719034181829,emission
"Sulfate, ion",water,ground-,014996-02-2,kilogram,8072118.15730985,8090631.73159532,941908.1220147844,0.1166866123189516,emission
Zinc,soil,industrial,007440-66-6,kilogram,7235517.453988915,8103578.907247267,3868191.567896542,0.5346116006898749,emission
Uranium-235,air,non-urban air or from high stacks,015117-96-1,kilo Becquerel,7022259.691746744,8130191.791961237,4384549.463768684,0.6243787122999511,emission
Sulfate,soil,,014808-79-8,kilogram,8042834.484427389,8134793.880695259,964490.8563326362,0.1199192720178554,emission
Trichlorfon,soil,agricultural,000052-68-6,kilogram,8311576.025179919,8330623.547508684,505024.2269778029,0.06076154816461187,emission
Metamitron,soil,agricultural,041394-05-2,kilogram,8281421.643647421,8352342.652801352,1029605.976153953,0.1243272013499942,emission
Parathion,soil,agricultural,000056-38-2,kilogram,8263604.849172974,8368562.184303158,1189573.942601897,0.1439533913242415,emission
Toluene,water,,000108-88-3,kilogram,7232137.389185989,8525418.235351114,5054459.087398244,0.698888698513393,emission
"Copper, ion",water,,017493-86-6,kilogram,8050436.375472549,8627217.434487678,2666363.605052818,0.3312073384216151,emission
Scandium,water,surface water,007440-20-2,kilogram,4196088.00458778,8679912.218556346,15178447.24545246,3.617285249703331,emission
"Benzene, ethyl-",air,non-urban air or from high stacks,000100-41-4,kilogram,6899368.362149563,8684056.40287263,6157637.948821382,0.8924929972724216,emission
"Tellurium, in ground",natural resource,in ground,013494-80-9,kilogram,9008139.789160267,9009322.62901722,181675.370832036,0.02016791203114441,natural resource
Chloropicrin,soil,agricultural,000076-06-2,kilogram,9116744.849556373,9117020.196181294,2862.024222959659,0.0003139304949506103,emission
"Bicarbonate, ion",water,,000071-52-3,kilogram,9095694.873310514,9159306.280317465,926028.9046242267,0.1018095832723536,emission
Butanol,water,surface water,000071-36-3,kilogram,8539461.65670662,9231202.97995844,3498522.265981453,0.4096888547106275,emission
Barium,air,,007440-39-3,kilogram,9153776.013746325,9244958.69164817,1403674.278388313,0.1533437432028488,emission
Sulfite,water,,014265-45-3,kilogram,9142209.108149324,9333156.576632403,2217673.75242406,0.2425752601137985,emission
Aclonifen,soil,agricultural,074070-46-5,kilogram,9274299.332137663,9355189.44852394,1059947.963534796,0.1142887376798183,emission
Copper,air,"low population density, long-term",007440-50-8,kilogram,7649215.994218375,9387443.51050401,6931368.8294176,0.9061541515701275,emission
Sulfate,air,,014808-79-8,kilogram,9250418.469381198,9396137.271460326,1284290.324965527,0.1388359163660019,emission
Carbofuran,soil,agricultural,001563-66-2,kilogram,9353290.646957792,9478029.10969181,1306383.560618394,0.1396710109765809,emission
Isoproturon,soil,agricultural,034123-59-6,kilogram,9447236.422201632,9518300.914519269,1073155.821499689,0.1135946824594864,emission
Carbonate,water,ocean,003812-32-6,kilogram,9493880.832083054,9728015.403322093,1588024.115110639,0.1672681744375983,emission
"Silver, ion",water,,014701-21-4,kilogram,8041420.402438931,9754650.81710048,6631588.615812459,0.8246787612050632,emission
Diflubenzuron,soil,agricultural,035367-38-5,kilogram,9431857.327643987,9822037.862840585,2565293.802293715,0.2719818285180218,emission
Ethylene oxide,air,,000075-21-8,kilogram,9891539.968874346,9985033.430620277,912920.2844390826,0.09229303903252312,emission
Pyraflufen-ethyl,soil,agricultural,129630-19-9,kilogram,9990071.744540248,10004362.75858008,630438.0386477099,0.06310645756796046,emission
Glufosinate,soil,agricultural,051276-47-2,kilogram,9931076.970276918,10070000.99743777,1564871.899686559,0.1575732324268678,emission
Formate,water,surface water,000071-47-6,kilogram,9301580.81285049,10195406.35987623,4438767.967474186,0.4772057628464463,emission
Choline chloride,soil,agricultural,000067-48-1,kilogram,10084799.46087627,10237154.00330412,1888095.332038141,0.1872219015720599,emission
Carbendazim,soil,agricultural,010605-21-7,kilogram,10382378.84418479,10468764.10262567,1031544.413706447,0.09935530471267853,emission
"NMVOC, non-methane volatile organic compounds, unspecified origin",air,"low population density, long-term",,kilogram,10582761.36092271,10659919.96832766,1448950.840370995,0.1369161404055946,emission
Ethyne,air,,000074-86-2,kilogram,9249425.653811324,10876827.4051455,7219578.434466487,0.7805434309849912,emission
"Benzene, ethyl-",water,surface water,000100-41-4,kilogram,9230920.468701396,10894865.77857759,6967215.273378127,0.7547692883934329,emission
Hydrazine,water,,000302-01-2,kilogram,10901025.52097116,10941194.62841894,1100682.123665107,0.1009705115860556,emission
Calcium,soil,industrial,007440-70-2,kilogram,9204676.81435579,11000777.36104438,7154425.119372505,0.7772597847448947,emission
Cyprodinil,soil,agricultural,121552-61-2,kilogram,11013862.64860418,11117922.86748782,1346730.448234182,0.1222759436177331,emission
Propene,air,non-urban air or from high stacks,000115-07-1,kilogram,11177907.22295557,11180270.79217606,63626.87924930596,0.005692199620214979,emission
Magnesium,air,non-urban air or from high stacks,007439-95-4,kilogram,11027014.42755422,11309985.62569559,2078200.688299273,0.1884644934449601,emission
Nickel,air,"low population density, long-term",007440-02-0,kilogram,9097694.631710796,11313774.71210843,8509108.365298208,0.9353038005517332,emission
Linuron,soil,agricultural,000330-55-2,kilogram,11233374.33691093,11349476.89607949,1654060.472566755,0.1472452019275987,emission
Profenofos,soil,agricultural,041198-08-7,kilogram,11437044.51131936,11486208.56482558,711354.138907715,0.06219737434821386,emission
Acetaldehyde,water,surface water,000075-07-0,kilogram,11107089.46611437,11526367.03691673,2741460.974954283,0.2468208240617815,emission
"AOX, Adsorbable Organic Halogen as Cl",water,ground-,,kilogram,11807242.88432502,11837795.7456108,680702.2279290054,0.05765124293603611,emission
Cyanide,air,urban air close to ground,000057-12-5,kilogram,10879051.29318792,11886578.97102432,4463031.931907712,0.4102409127073703,emission
Styrene,air,non-urban air or from high stacks,000100-42-5,kilogram,10299084.27154753,11918193.03979394,6169941.111985629,0.599076670246387,emission
Sodium chlorate,air,urban air close to ground,007775-09-9,kilogram,10743855.40131118,11937296.52656452,5560597.371243682,0.5175607045646824,emission
"Copper, ion",water,ground-,017493-86-6,kilogram,11658850.54746144,11943413.77502716,1627126.761496521,0.1395615077895313,emission
Clomazone,soil,agricultural,081777-89-1,kilogram,11852571.47828858,12043828.16955151,1833271.928315188,0.1546729274464497,emission
Butene,water,surface water,025167-67-3,kilogram,10984105.09805073,12114052.98964225,4779180.681843016,0.4350996862449124,emission
Cobalt-57,water,surface water,013981-50-5,kilo Becquerel,12161253.9760938,12210456.74097933,911494.0124347528,0.07495066004102358,emission
Manganese,air,non-urban air or from high stacks,007439-96-5,kilogram,11214150.13547454,12244375.1228396,3860041.111833761,0.3442116491398675,emission
Helium,air,,007440-59-7,kilogram,12255637.88092902,12257538.05720078,12626.8988875564,0.001030293079008568,emission
TCMTB,soil,agricultural,021564-17-0,kilogram,12231818.39566221,12472904.31440959,2552671.149976702,0.2086910602663917,emission
"Methane, chlorodifluoro-, HCFC-22",air,non-urban air or from high stacks,000075-45-6,kilogram,12518039.45310515,12599258.23699497,1846181.75164502,0.1474817009932867,emission
Aldicarb,soil,agricultural,000116-06-3,kilogram,12368949.18482773,12634904.13057163,2503777.801087615,0.2024244552769974,emission
Octaethylene glycol monododecyl ether,air,,003055-98-9,kilogram,12750202.00994732,12818056.7468895,1316701.280718877,0.103269052497492,emission
Cyanide,water,ocean,000057-12-5,kilogram,11480091.70413812,12828103.07237892,6231485.941301737,0.5428080281846124,emission
Nickel,air,,007440-02-0,kilogram,11680345.58446749,12829620.19781838,4754992.932646682,0.4070935143365849,emission
"Transformation, to forest, unspecified",natural resource,land,,square meter,11829335.96747942,12919150.95608308,5424654.196780802,0.4585763910750335,natural resource
"Hydrocarbons, unspecified",water,ocean,,kilogram,12526562.96302607,12950764.09193034,2950115.326506084,0.235508761279033,emission
Chromium,air,,007440-47-3,kilogram,12215593.70215599,13295005.6938923,5490955.904447273,0.4495038095019604,emission
Acetone,water,surface water,000067-64-1,kilogram,11356674.20075992,13746273.56619726,9096273.830142237,0.8009628232122369,emission
Thorium-228,water,ocean,014274-82-9,kilo Becquerel,10516097.67385566,13818289.72567429,10643223.51647937,1.012088689794101,emission
2-Propanol,water,,000067-63-0,kilogram,13857929.34380142,13893787.9515541,1218868.737016456,0.08795460755914808,emission
"Lithium, in ground",natural resource,in ground,007439-93-2,kilogram,13861786.06760734,13926616.10709538,1317561.113395334,0.0950498807995784,natural resource
Potassium-40,water,ground-,013966-00-2,kilo Becquerel,10738839.97687016,13951161.43888329,12188388.2027145,1.134981825687546,emission
Iodine,air,non-urban air or from high stacks,007553-56-2,kilogram,14124738.29225153,14163997.56975766,1252330.445489293,0.08866220524427629,emission
Imidacloprid,soil,agricultural,138261-41-3,kilogram,14130522.28270541,14167949.74114518,987372.3606617983,0.06987514975792934,emission
Ethanol,water,surface water,000064-17-5,kilogram,13936854.13424662,14246821.50503333,2916027.233297432,0.2092313807125214,emission
Dichlorvos,soil,agricultural,000062-73-7,kilogram,14073883.19547789,14278377.93546052,2321251.54433355,0.1649332676769263,emission
"AOX, Adsorbable Organic Halogen as Cl",water,surface water,,kilogram,14245812.73587111,14289067.55621791,822563.8050448527,0.05774074251121021,emission
Sodium-24,water,surface water,013982-04-2,kilo Becquerel,14210809.95985301,14309889.53536307,1093267.102652252,0.07693207535255508,emission
Glyphosate,air,non-urban air or from high stacks,001071-83-6,kilogram,14523420.42564712,15081001.56767695,3552139.671980172,0.2445801035758352,emission
"Hydrocarbons, aliphatic, unsaturated",air,non-urban air or from high stacks,,kilogram,15582186.77137782,15606781.97929046,757789.5801692544,0.04863178649361349,emission
Boron,water,,007440-42-8,kilogram,13099573.59083192,15657526.3133684,10099328.02787024,0.7709661660237952,emission
Bromate,water,surface water,015541-45-4,kilogram,15772149.19364903,15950817.3156718,2278440.281755717,0.144459721613157,emission
"PAH, polycyclic aromatic hydrocarbons",air,non-urban air or from high stacks,130498-29-2,kilogram,13959041.85181218,15978560.42638208,7849125.40725451,0.5622968603848356,emission
"Fungicides, unspecified",soil,agricultural,,kilogram,15819943.64607336,16020462.75465084,2845333.586331811,0.1798573781290332,emission
Aldrin,soil,agricultural,000309-00-2,kilogram,15632245.32577381,16099124.79430614,4124905.367831833,0.2638715860626148,emission
Bromoxynil,soil,agricultural,001689-84-5,kilogram,16118222.39228536,16493555.79968786,2992235.542959147,0.1856430237860049,emission
Acetone,air,urban air close to ground,000067-64-1,kilogram,15721975.84188542,16565749.53011583,3536454.480673368,0.2249370254883478,emission
"Zinc, ion",water,,023713-49-7,kilogram,15083075.2282562,16769830.58923157,6565683.167680594,0.4353013605196793,emission
"Acidity, unspecified",water,surface water,012408-02-5,kilogram,16947905.85222465,16948895.91284725,6870.494779529989,0.0004053890102669022,emission
"Particulates, > 10 um",air,"low population density, long-term",,kilogram,16911610.62797638,17134198.24370753,2152225.732365385,0.1272632027611268,emission
"Hafnium, in ground",natural resource,in ground,007440-58-6,kilogram,17259907.47556565,17281222.70857868,368498.8706078496,0.02134999107785037,natural resource
"Hydrocarbons, aliphatic, alkanes, unspecified",air,non-urban air or from high stacks,,kilogram,17493672.51028307,17524585.43657969,866129.2265472363,0.04951100039389163,emission
Manganese,air,urban air close to ground,007439-96-5,kilogram,16160891.91444412,17529988.93497426,6067781.919349391,0.3754608317085636,emission
Butene,air,urban air close to ground,025167-67-3,kilogram,16781940.62976382,17587816.77028954,4984284.038369567,0.2970028406327232,emission
Hypochlorite,water,,014380-61-1,kilogram,17564350.31275894,17635334.47866457,1794258.7655421,0.1021534377072137,emission
Selenium,water,"ground-, long-term",007782-49-2,kilogram,13436028.56621091,17639838.67851699,14903849.18775637,1.109245125098703,emission
Nickel,soil,agricultural,007440-02-0,kilogram,-422148328.6091496,17925689.45930347,13948994901.12259,-33.04287605989177,emission
Acephate,soil,agricultural,030560-19-1,kilogram,17874938.28919437,17949720.58616488,1151988.691769378,0.06444714231353574,emission
MCPA,soil,agricultural,000094-74-6,kilogram,17911504.90893991,18068462.09515037,1825692.122208535,0.1019284605894452,emission
Cyanide,water,surface water,000057-12-5,kilogram,17792857.21437787,18433152.85782783,4397925.702590899,0.2471736635438781,emission
Zinc,air,,007440-66-6,kilogram,18221777.79008254,18712766.27219531,3096940.691844257,0.1699582075646763,emission
Chlorpyrifos methyl,soil,agricultural,005598-13-0,kilogram,18534347.17621427,18888943.26881811,2862756.044705019,0.1544568048438677,emission
Pendimethalin,soil,agricultural,040487-42-1,kilogram,18952847.14836345,19019664.76608574,1198512.640409686,0.06323654863185954,emission
Strontium-89,water,surface water,014158-27-1,kilo Becquerel,19127569.30883978,19145673.14230439,1009712.111992007,0.05278831281115106,emission
"Methane, dichlorodifluoro-, CFC-12",air,,000075-71-8,kilogram,18861404.11244901,19207741.80170593,3775112.046150763,0.2001501067282203,emission
Methanol,air,,000067-56-1,kilogram,17404570.97026882,19282481.03475418,7726537.653515942,0.4439372660615835,emission
Copper,air,,007440-50-8,kilogram,18907915.92498434,19368759.39714845,3416677.644678897,0.1807009116305728,emission
Helium,air,non-urban air or from high stacks,007440-59-7,kilogram,18702918.50450744,19435458.38424724,5916459.978729059,0.3163388632262489,emission
Propylene oxide,air,urban air close to ground,000075-56-9,kilogram,19714822.25751609,19736359.89936673,1099990.342974741,0.05579509308309288,emission
Thorium-232,water,,007440-29-1,kilo Becquerel,15303239.08362127,19791714.37082392,15825120.58283417,1.034102682207419,emission
Sodium,soil,,007440-23-5,kilogram,17320818.67751335,19795066.04454798,9939859.54881582,0.5738677676777589,emission
Antimony,water,surface water,007440-36-0,kilogram,17776045.58943671,19869677.69788829,9411121.93731587,0.5294271940272456,emission
Magnesium,air,"low population density, long-term",007439-95-4,kilogram,19632070.98005903,19948617.84099122,3480311.924169977,0.1772768613003208,emission
Formic acid,air,non-urban air or from high stacks,000064-18-6,kilogram,20001638.32033735,20001638.32033735,0.0,0.0,emission
Dichlorprop-P,soil,agricultural,015165-67-0,kilogram,19606036.74762531,20002187.4822564,4186044.19498014,0.2135079235474326,emission
"Transformation, to wetland, inland (non-use)",natural resource,land,,square meter,20312993.93347535,20393962.38825845,1683177.059744888,0.08286208646826065,natural resource
Silicon,air,,007440-21-3,kilogram,20246853.88784878,20491215.07453677,2532262.517881675,0.1250694321156445,emission
"Arsenic, ion",water,ground-,017428-41-0,kilogram,19739091.92539167,20682203.21288038,4563016.656260394,0.2311664930437196,emission
Phosphorus,water,ground-,007723-14-0,kilogram,21196449.84639261,21319827.30546448,1334760.553113756,0.06297094856858387,emission
Manganese,water,ground-,007439-96-5,kilogram,20889765.44606841,21636834.39732935,4007657.171541252,0.1918478779423308,emission
Oxygen,air,,007782-44-7,kilogram,21428141.49030099,21672544.48815255,3566059.08098937,0.1664194294499816,emission
"Tin, ion",water,,022537-50-4,kilogram,15959265.45955823,21705424.30411067,17539101.18186804,1.098991756626469,emission
Copper,air,urban air close to ground,007440-50-8,kilogram,21726618.02165649,22097069.68853498,3331947.734031568,0.153357864105236,emission
Methanol,air,urban air close to ground,000067-56-1,kilogram,22179020.08764957,22523804.58345272,2584848.05907391,0.1165447368215013,emission
Trifluralin,soil,agricultural,001582-09-8,kilogram,22481414.17401693,22539832.6682848,1331273.164366997,0.0592166112888764,emission
Phosphorus,soil,agricultural,007723-14-0,kilogram,19817709.29164777,22565150.49440879,11347650.14243586,0.5726015038084326,emission
Arsenic,air,non-urban air or from high stacks,007440-38-2,kilogram,19951669.43428618,22566270.23000688,11324016.20789742,0.5675723650692374,emission
Sulfite,water,surface water,014265-45-3,kilogram,22529239.98242317,22635872.36571512,1965217.359197899,0.08722963405472708,emission
"Praseodymium, in ground",natural resource,in ground,007440-10-0,kilogram,22654781.04647011,22664053.01740065,729064.304917313,0.03218147654668727,natural resource
Thiamethoxam,soil,agricultural,153719-23-4,kilogram,22763752.90261023,23174149.7880128,3969785.386714599,0.1743906377695481,emission
Calcium,air,,007440-70-2,kilogram,18558028.61442607,23285157.77340325,16469893.52782733,0.8874807701839877,emission
Calcium,air,"low population density, long-term",007440-70-2,kilogram,23088650.02339787,23407184.61733288,3962931.13793667,0.1716397941811524,emission
"Nitrogen, organic bound",water,surface water,007727-37-9,kilogram,20252984.64248536,23456067.06555926,11584894.76744965,0.5720092604596968,emission
Nickel,air,urban air close to ground,007440-02-0,kilogram,21216937.50609935,23729795.60863861,10907165.57147659,0.5140782249248294,emission
Cypermethrin,soil,agricultural,052315-07-8,kilogram,23303747.55931793,23839080.14333023,4653816.51231188,0.1997024942218389,emission
Antimony,air,,007440-36-0,kilogram,23631353.97487863,23861364.43850986,3884978.464170228,0.164399317461884,emission
Azoxystrobin,soil,agricultural,131860-33-8,kilogram,24020311.99187518,24485246.49742049,3604751.720219614,0.1500709783219683,emission
Technetium-99m,water,surface water,378784-45-3,kilo Becquerel,24641627.93367726,24693050.50054791,1409825.637802539,0.05721316958429343,emission
Vanadium,air,,007440-62-2,kilogram,22793923.99665405,24702175.88933378,9251681.583722126,0.4058836725559054,emission
Difenoconazole,soil,agricultural,119446-68-3,kilogram,24404508.04859941,24806739.76447564,3858974.549051338,0.1581254799878176,emission
Zinc,soil,,007440-66-6,kilogram,24745763.77165972,24916220.59539281,2819845.245251238,0.1139526454415073,emission
"Ethane, 1,1-difluoro-, HFC-152a",air,urban air close to ground,000075-37-6,kilogram,23191541.42311307,25077451.3355961,9062977.082660222,0.3907880428175383,emission
Hydrogen sulfide,air,,007783-06-4,kilogram,24771733.80681179,25087139.03853305,3573404.844326966,0.1442533200217234,emission
Acetic acid,air,,000064-19-7,kilogram,21255717.46005105,25579972.36244103,15952900.73154923,0.7505228069356786,emission
Acetaldehyde,air,urban air close to ground,000075-07-0,kilogram,24895725.83895927,25695952.7604592,3604868.144447775,0.1447986761971216,emission
Zinc,air,non-urban air or from high stacks,007440-66-6,kilogram,24177165.47856528,26310164.12354018,10089526.81118715,0.4173163649035784,emission
Paraffins,water,surface water,008002-74-2,kilogram,22032811.89406884,26391840.94946735,17616910.29307683,0.7995761220935784,emission
Antimony,air,urban air close to ground,007440-36-0,kilogram,26204609.06269136,26594762.78470723,4281292.125205178,0.16337935494335,emission
Bromine,air,non-urban air or from high stacks,007726-95-6,kilogram,26648527.63967691,26852545.98476588,2163737.063241618,0.08119537005939632,emission
"1,3-Dioxolan-2-one",water,,000096-49-1,kilogram,26881203.9157883,26970971.42376423,2244246.117742903,0.08348755973778303,emission
Chlormequat,soil,agricultural,007003-89-6,kilogram,26918043.50887539,27254363.79127369,4428438.607979922,0.1645156196630629,emission
"Transformation, to urban/industrial fallow (non-use)",natural resource,land,,square meter,25996195.59257394,28087026.80987769,10617550.48142114,0.4084270886334672,natural resource
Chlorothalonil,soil,agricultural,001897-45-6,kilogram,27892657.71867236,28098110.5693732,2664467.902092338,0.09552578061819636,emission
"Chromium, ion",water,ground-,016065-83-1,kilogram,26542279.29329439,28163565.11451501,7903523.179103665,0.2977710803118707,emission
Strontium,air,urban air close to ground,007440-24-6,kilogram,23052788.07436046,28562433.10523108,22247024.47485148,0.9650470217784565,emission
Lead,air,urban air close to ground,007439-92-1,kilogram,24595255.67901037,28737286.11361318,15547635.03725049,0.6321395979842922,emission
Phenol,air,urban air close to ground,000108-95-2,kilogram,27848170.72756799,29206807.5992598,7975390.914631367,0.2863883230483148,emission
Lead-210,air,,014255-04-0,kilo Becquerel,21529301.29944929,29535827.46851711,28563820.62331746,1.326741645073642,emission
m-Xylene,air,urban air close to ground,000108-38-3,kilogram,29474110.41491336,29842177.82549091,2503405.196208972,0.08493573380054568,emission
Barium,air,urban air close to ground,007440-39-3,kilogram,26128655.61363857,29959376.51770232,14634447.95841327,0.5600918843591179,emission
"Hydrocarbons, unspecified",soil,,,kilogram,29612796.0040656,30191265.37660719,5699300.171210676,0.1924607244256236,emission
Manganese,water,,007439-96-5,kilogram,26501525.14859724,30824804.97568807,17385904.54513225,0.656034113042453,emission
Sulfide,water,surface water,018496-25-8,kilogram,29828579.03331787,30883397.60608196,7851993.81397109,0.263237273394773,emission
"Benzene, ethyl-",air,urban air close to ground,000100-41-4,kilogram,29178177.1782248,31220849.75221151,9420211.895914823,0.3228512815716594,emission
Cumene,air,urban air close to ground,000098-82-8,kilogram,30059114.3570511,32754954.74340749,13445899.39469075,0.4473152214325531,emission
Cumene,water,,000098-82-8,kilogram,32661228.1623681,32899909.40402224,2190067.557998091,0.06705404790997609,emission
Magnesium,soil,,007439-95-4,kilogram,28997078.20111248,33687523.09380117,18864038.28369309,0.6505496227192078,emission
Phosphorus,air,urban air close to ground,007723-14-0,kilogram,31150089.28330075,33727953.72757584,10504625.91279653,0.3372261895386589,emission
Fipronil,soil,agricultural,120068-37-3,kilogram,33171601.95493544,33895573.91753529,6545762.313832034,0.1973303044792542,emission
Cesium-134,water,surface water,013967-70-9,kilo Becquerel,34843938.80761881,34842522.76942332,1190316.236130048,0.03416135709289499,emission
Thiobencarb,soil,agricultural,028249-77-6,kilogram,34307095.21024024,34922682.80838794,5392009.461811935,0.1571689304725072,emission
Chlorpyrifos,soil,agricultural,002921-88-2,kilogram,35042760.41491479,35157720.68354964,2037113.092145475,0.0581322095641314,emission
Fluoride,water,ground-,016984-48-8,kilogram,32786798.55050839,35282890.80108882,10154366.98437242,0.3097090119588685,emission
Acetaldehyde,air,non-urban air or from high stacks,000075-07-0,kilogram,32897945.49053559,35291137.36932161,10452291.83541293,0.3177186805911619,emission
Ethylene oxide,air,urban air close to ground,000075-21-8,kilogram,35598339.43144535,35715805.90231382,2044609.632319097,0.0574355339314793,emission
Metalaxyl-M,soil,agricultural,070630-17-0,kilogram,35513615.3661241,35793195.08211698,3954097.267085508,0.111340319095117,emission
"Hydrocarbons, unspecified",air,non-urban air or from high stacks,,kilogram,34720391.00654626,35811387.52345793,8570797.504655896,0.2468519868638558,emission
"Particulates, < 2.5 um",air,lower stratosphere + upper troposphere,,kilogram,34086890.10499638,36016091.85118985,10291621.24106074,0.3019231502011449,emission
"Oils, unspecified",water,ground-,,kilogram,36078792.78381631,36090492.50365448,2154235.140619404,0.05970918022472523,emission
"Oils, non-fossil",water,surface water,,kilogram,35595970.99567175,36343682.682358,7061845.773455306,0.1983889068320115,emission
Iprodion,soil,agricultural,036734-19-7,kilogram,36403913.01050664,36584602.29270464,2640873.710618818,0.07254367710022346,emission
Acetic acid,air,urban air close to ground,000064-19-7,kilogram,33138725.40978506,36718939.11002463,12545006.63891154,0.3785603243269973,emission
Boron,water,ocean,007440-42-8,kilogram,36087316.92420538,36771930.69964626,5976040.54631636,0.1655994697213957,emission
Ethylene,air,,000074-85-1,kilogram,37350522.7887485,37496434.17623492,3406260.308152825,0.09119712533659445,emission
"Sulfate, ion",water,,014996-02-2,kilogram,38126317.38114978,38408422.36960223,3625830.185205874,0.09510045643691091,emission
"Hydrocarbons, aliphatic, alkanes, cyclic",air,urban air close to ground,,kilogram,38481465.33814538,38675221.76493466,3597330.544910288,0.09348216117291082,emission
"Heat, waste",air,"low population density, long-term",,megajoule,39215552.93242082,39214516.51246528,1304219.529069696,0.03325771107492032,emission
Sulfur trioxide,air,urban air close to ground,007446-11-9,kilogram,38967390.92879329,39337768.11715493,5807755.347433162,0.1490414217889494,emission
Iodine-129,air,non-urban air or from high stacks,015046-84-1,kilo Becquerel,33167384.95324414,39590442.66073288,25410373.44697547,0.7661253210886635,emission
Manganese,water,surface water,007439-96-5,kilogram,33779673.32177493,39943698.05011497,21902345.89112798,0.6483883275747778,emission
Titanium,soil,,007440-32-6,kilogram,36238399.44826175,40632124.48283241,22076722.40369968,0.6092079876546158,emission
Nitrobenzene,air,urban air close to ground,000098-95-3,kilogram,36179143.96539295,41123008.37683494,20889996.4510364,0.5774043872076869,emission
"Hydrocarbons, aliphatic, alkanes, unspecified",air,,,kilogram,40981660.9262514,41191508.67628235,5437338.862617805,0.1326773668935131,emission
Thallium,water,"ground-, long-term",007440-28-0,kilogram,39122603.4763848,41384980.22694895,12760861.87192977,0.3261761932493191,emission
"VOC, volatile organic compounds, unspecified origin",air,,,kilogram,41521091.42606509,41517351.27815477,990724.4944755078,0.02386075270298832,emission
"NMVOC, non-methane volatile organic compounds, unspecified origin",air,lower stratosphere + upper troposphere,,kilogram,41276031.02328863,41740392.07570795,4046254.749772864,0.09802916243303285,emission
"Hydrocarbons, unspecified",water,,,kilogram,39933840.09079833,42205402.47174417,11513631.71764321,0.2883176697123153,emission
"Silver, in ground",natural resource,in ground,7440-22-4,kilogram,42715437.98980102,42938294.21225919,4068629.322971262,0.09524962202056107,natural resource
Molybdenum,water,"ground-, long-term",007439-98-7,kilogram,40526988.44947551,43017615.73889838,12823108.91486846,0.3164091240299009,emission
Heptane,air,urban air close to ground,000142-82-5,kilogram,43035566.68331087,43198956.50500212,3642209.048333612,0.0846325337164912,emission
Strontium,water,ground-,007440-24-6,kilogram,39949299.34231263,43483151.51079028,15504619.11468119,0.3881074103910339,emission
"Transformation, to heterogeneous, agricultural",natural resource,land,,square meter,41213580.73788084,43935230.76348875,13725437.78087533,0.3330319165463777,natural resource
Silicon,air,non-urban air or from high stacks,007440-21-3,kilogram,34099476.65709649,43966440.94382518,36490045.81057164,1.070105743191154,emission
"Nickel, ion",water,,014701-22-5,kilogram,36357618.31330396,45406219.80023389,34729482.03131937,0.9552188411255524,emission
Phosphorus,water,,007723-14-0,kilogram,44700139.67084023,45445222.05797809,8135150.542967425,0.1819938506428051,emission
Aluminium,air,"low population density, long-term",007429-90-5,kilogram,35612745.49038178,45561328.34147862,34000590.43708664,0.954730952890713,emission
Propanol,air,urban air close to ground,000071-23-8,kilogram,45404778.85123798,45642194.27423979,4566980.689376488,0.100583700767259,emission
Xylene,water,surface water,001330-20-7,kilogram,37233344.77673301,45653445.44058667,30950038.42058153,0.8312451810647455,emission
Chloroacetic acid,water,surface water,000079-11-8,kilogram,42579784.62743284,46370792.32853403,17717288.43831726,0.416096243636295,emission
Ethene,air,,000074-85-1,kilogram,45473508.07696643,46855217.06017932,10648340.01925463,0.2341657916787885,emission
Polonium-210,air,,013981-52-7,kilo Becquerel,36404527.8932085,47501834.46441901,36898247.92261127,1.013562050051881,emission
"Occupation, traffic area, rail network",natural resource,land,,square meter-year,44623416.93008213,47908721.99491364,18460992.16792537,0.4137063774576213,natural resource
Acetone,air,,000067-64-1,kilogram,48170947.28604434,48366386.31972449,4102380.343554273,0.08516295764735309,emission
"Hydrocarbons, unspecified",water,surface water,,kilogram,48521063.4100496,48551543.53197397,545604.0627379946,0.01124468476972807,emission
"Selenium, in ground",natural resource,in ground,007782-49-2,kilogram,48605613.53962232,48660907.86793219,1101982.574757172,0.0226719198567231,natural resource
Acetic acid,air,non-urban air or from high stacks,000064-19-7,kilogram,48161161.85672954,48686905.38227626,2810217.997133274,0.05835029490138023,emission
Acetone,air,non-urban air or from high stacks,000067-64-1,kilogram,45418951.83931157,49035149.23570582,15885852.7876324,0.3497626463031382,emission
Alachlor,soil,agricultural,015972-60-8,kilogram,50236392.09991283,50934217.58958162,5768574.091172743,0.1148285903912027,emission
2-Methyl pentane,air,urban air close to ground,000107-83-5,kilogram,51119538.49203776,51306251.30583924,3361871.359584996,0.06576490044229628,emission
Hydrogen fluoride,air,,007664-39-3,kilogram,51021726.5792577,51387104.45901506,4962294.629808046,0.09725846149286155,emission
Benzene,water,surface water,000071-43-2,kilogram,48026216.87030578,51702767.97585425,19765864.01303168,0.4115640435808041,emission
Potassium,soil,,007440-09-7,kilogram,46275275.31105288,52066040.62504448,26818695.48781587,0.5795469677391678,emission
"Ethene, tetrachloro-",air,urban air close to ground,000127-18-4,kilogram,51702394.786487,52920596.64409,9796022.775436133,0.1894694204376861,emission
Antimony,water,"ground-, long-term",007440-36-0,kilogram,48665640.24771644,53981861.47097645,20728969.30887574,0.4259467090818438,emission
"Zinc, ion",water,ocean,023713-49-7,kilogram,43483824.82912049,54572780.45067438,38912567.59324297,0.8948745365928296,emission
Tungsten,water,surface water,007440-33-7,kilogram,44888795.81434137,55551657.62249272,41721753.69193141,0.9294469351437107,emission
"Uranium, in ground",natural resource,in ground,007440-61-1,kilogram,55639678.45859517,56024466.45557785,4926636.488530422,0.08854538029360878,natural resource
"Transformation, to urban, discontinuously built",natural resource,land,,square meter,44065902.21670102,56142351.69476387,44149924.72033029,1.001906746472955,natural resource
Zinc,air,urban air close to ground,007440-66-6,kilogram,50796290.63944111,56289997.39810754,22246652.29881453,0.4379582055848183,emission
Acetaldehyde,air,,000075-07-0,kilogram,55252331.1706531,56446899.92251019,11659783.61816966,0.2110279036400672,emission
Molybdenum,water,surface water,007439-98-7,kilogram,42962565.38040987,56449681.87745386,47246527.98096792,1.099713845358766,emission
Vanadium,air,urban air close to ground,007440-62-2,kilogram,50466574.63960504,57057177.20845596,25982886.1246623,0.5148533719637772,emission
Nickel,air,non-urban air or from high stacks,007440-02-0,kilogram,51453760.15295362,57137403.19678168,26132535.44003371,0.507883881806714,emission
"Occupation, urban, continuously built",natural resource,land,,square meter-year,54873045.50639887,57453235.93881468,16914222.5173935,0.3082428241643903,natural resource
"Actinides, radioactive, unspecified",water,ocean,,kilo Becquerel,55400451.25834668,57479862.39490219,16637048.72405734,0.300305292577392,emission
Manganese-54,water,surface water,013966-31-9,kilo Becquerel,59759216.04019659,59848224.57726541,3156246.529465543,0.05281606317162054,emission
Uranium-238,water,ground-,007440-61-1,kilo Becquerel,46353967.41723041,60107179.89237823,51157079.82910401,1.10361815135781,emission
"Hydrocarbons, aliphatic, alkanes, unspecified",water,surface water,,kilogram,52097531.33396141,60283396.71257605,38207199.34670687,0.7333783073479396,emission
Potassium,air,,007440-09-7,kilogram,58742800.88720149,60423668.52613104,13252833.85591246,0.225607796287424,emission
"Arsenic, ion",water,surface water,017428-41-0,kilogram,35526635.41489275,60553078.77644008,85866765.22322169,2.416968683367814,emission
Copper,air,non-urban air or from high stacks,007440-50-8,kilogram,52510290.17098553,60932626.15294194,34010241.3315957,0.6476871718067175,emission
Antimony-125,water,surface water,014234-35-6,kilo Becquerel,60902297.56970882,61278548.23027681,4517031.781522254,0.07416849547181788,emission
t-Butyl methyl ether,air,urban air close to ground,001634-04-4,kilogram,57431340.88682119,61480828.46862943,22442836.17415456,0.3907768097976716,emission
"Cadmium, ion",water,"ground-, long-term",022537-48-0,kilogram,53793901.77508532,61674286.75122983,32892553.24391998,0.6114550564010991,emission
Fluoride,water,,016984-48-8,kilogram,60360872.96449435,62442670.0235587,13711020.02361133,0.2271507907394989,emission
"2,4-D",soil,agricultural,000094-75-7,kilogram,62696797.99124251,63089711.15189988,4820995.550664903,0.07689380805919785,emission
Molinate,soil,agricultural,002212-67-1,kilogram,62521845.27786041,63148166.64475832,10051486.04623198,0.1607675845388285,emission
Nitrite,water,"ground-, long-term",014797-65-0,kilogram,54810716.37996614,64103536.50549357,35914241.32759738,0.6552412319997407,emission
"Silver, ion",water,"ground-, long-term",014701-21-4,kilogram,60177593.81377347,64112363.09694446,19579574.39741473,0.3253631984357166,emission
Chromium,air,non-urban air or from high stacks,007440-47-3,kilogram,56880185.59793583,64210305.17577452,30525308.37383291,0.5366597885176497,emission
Lead,air,non-urban air or from high stacks,007439-92-1,kilogram,56275140.75627351,65167292.27501474,32300164.09542599,0.5739686060549781,emission
Chlorine,air,urban air close to ground,007782-50-5,kilogram,65099100.36086315,65933291.57633933,7184957.669257625,0.1103695385870054,emission
"Oils, non-fossil",water,ocean,,kilogram,66763041.46819186,66763041.46819186,0.0,0.0,emission
Xylene,air,non-urban air or from high stacks,001330-20-7,kilogram,66969623.82227884,67173355.24061452,3169692.102130158,0.0473302957553077,emission
"Zinc, ion",water,ground-,023713-49-7,kilogram,64626379.69345221,67195593.6497056,12737432.15559314,0.197093388427631,emission
Aluminium,water,ground-,007429-90-5,kilogram,65213555.26714076,67326257.30423169,16104271.98794721,0.246946695698121,emission
"Neodymium, in ground",natural resource,in ground,007440-00-8,kilogram,67407219.05732735,67463031.10332383,2211067.070736778,0.03280163611046388,natural resource
Cyanide,air,non-urban air or from high stacks,000057-12-5,kilogram,66974860.46368478,67489673.9294704,2099314.844648045,0.03134481849031009,emission
Manganese,soil,agricultural,007439-96-5,kilogram,64020660.71325933,67513695.30481681,20511545.43856252,0.3203894681817048,emission
Propachlor,soil,agricultural,001918-16-7,kilogram,64337368.23074394,67664597.97402564,19154111.31060806,0.297713627979193,emission
Methanol,air,non-urban air or from high stacks,000067-56-1,kilogram,66088839.80389077,67794234.84867272,9723711.24521969,0.1471309115740785,emission
Sulfuric acid,water,surface water,007664-93-9,kilogram,68131633.65404807,68383505.88254744,2106644.991352844,0.03092021838269362,emission
Boron,water,surface water,007440-42-8,kilogram,56696297.20211043,68615217.62094793,42609066.82023507,0.751531738807257,emission
Cyclohexane,air,urban air close to ground,000110-82-7,kilogram,64619289.26957871,70715124.96101898,29200722.03945928,0.451888629069251,emission
"Transformation, from shrub land, sclerophyllous",natural resource,land,,square meter,69909497.86735845,71017135.90596399,8369267.518117239,0.1197157435459846,natural resource
Toluene,water,surface water,000108-88-3,kilogram,63822128.68767902,71923750.45055291,36068889.18316408,0.5651470724154527,emission
Triethylammonium,water,,17440-81-2,kilogram,72317855.7156626,73163004.3352322,10845752.10984722,0.1499733641507605,emission
Bromine,water,"ground-, long-term",007726-95-6,kilogram,64368408.51295668,73341492.50665873,37088545.29120354,0.5761917398305413,emission
Carbon,soil,,007440-44-0,kilogram,64703170.58440632,73478827.28609711,40872630.46752165,0.6316943991825354,emission
Captan,soil,agricultural,000133-06-2,kilogram,75327866.62384628,75737260.92733039,5861173.803310389,0.07780883842865845,emission
Hydrochloric acid,water,,007647-01-0,kilogram,76505539.77194902,77241104.7172026,6735231.126002597,0.08803586179614262,emission
Titanium,air,urban air close to ground,007440-32-6,kilogram,62482401.19682863,77790168.49250092,58036615.80657925,0.92884739854596,emission
Mancozeb,soil,agricultural,008018-01-7,kilogram,78699444.48197246,78908256.98088239,5035695.990315621,0.06398642358230545,emission
2-Propanol,air,urban air close to ground,000067-63-0,kilogram,78435256.21164784,79003760.41897707,8307013.711479039,0.1059091805483951,emission
"Ammonium, ion",water,ground-,014798-03-9,kilogram,77438560.79508153,80179357.22277048,19797230.83492672,0.2556508105479168,emission
Elemental carbon,air,urban air close to ground,007440-44-0,kilogram,82597697.15610564,83945482.100071,12385297.19640336,0.1499472457809054,emission
"Transformation, to forest, extensive",natural resource,land,,square meter,81436245.74328648,84381574.04486062,20047274.61176429,0.246171399832942,natural resource
"Radioactive species, Nuclides, unspecified",water,surface water,,kilo Becquerel,83309251.00275794,84968069.0622439,17236286.2380588,0.2068952250871659,emission
"Lanthanum, in ground",natural resource,in ground,007439-91-0,kilogram,84996875.4640649,85060458.61270843,2797963.425253666,0.03291842682424947,natural resource
Furan,air,non-urban air or from high stacks,000110-00-9,kilogram,87279881.47614571,87279881.49484137,0.3078735542988205,3.527428647837529e-09,emission
"Suspended solids, unspecified",water,ocean,,kilogram,88072376.58701164,88122048.12148133,473518.7793058825,0.005376473278634269,emission
"Cobalt, in ground",natural resource,in ground,007440-48-4,kilogram,88549722.27604637,88676912.78413676,1433221.188467079,0.01618549614417911,natural resource
Terbuthylazin,soil,agricultural,005915-41-3,kilogram,85565986.53639573,88722186.22996539,22744177.52698001,0.2658086284940537,emission
Radium-226,air,"low population density, long-term",013982-63-3,kilo Becquerel,78237610.19232991,88844750.57378054,47270664.08354555,0.6041936092800003,emission
Cumene,water,surface water,000098-82-8,kilogram,78094431.16524512,90114433.43456848,51392834.88130616,0.6580857829998236,emission
Formaldehyde,air,urban air close to ground,000050-00-0,kilogram,87599046.06154746,91330973.73605393,16249642.05465794,0.1855002170142455,emission
"Occupation, unspecified, natural (non-use)",natural resource,land,,square meter-year,84804833.40484388,95432024.92052433,47228492.20670365,0.5569080241127631,natural resource
"Niobium, in ground",natural resource,in ground,007440-03-1,kilogram,95768632.19154271,95833331.21508189,2099926.226618918,0.02192707756772537,natural resource
"Antimony, in ground",natural resource,in ground,007440-36-0,kilogram,94843442.71241438,96688767.93112276,19528632.97785255,0.2059038813792066,natural resource
Pentane,air,urban air close to ground,000109-66-0,kilogram,94771258.81429702,96948697.81785013,13831683.64121777,0.14594808398948,emission
Phenol,water,surface water,000108-95-2,kilogram,88235101.1612913,97100994.56408712,39476432.55939843,0.4474005473993463,emission
"Nitrogen, organic bound",water,ground-,007727-37-9,kilogram,91692924.36503118,97343699.89015186,31668009.14054445,0.3453702601355971,emission
"Solids, inorganic",water,,,kilogram,95541621.75044976,100540463.3230083,28098092.96237513,0.2940926943418025,emission
Nitrite,water,surface water,014797-65-0,kilogram,96630925.24527168,100621076.6620662,24684373.59994911,0.2554500387665175,emission
"Oils, unspecified",soil,,,kilogram,101359804.5401836,101648363.5573593,5743702.616061152,0.05666647288949821,emission
Boron,air,non-urban air or from high stacks,007440-42-8,kilogram,98688928.5571415,101934867.1388618,19512066.32891849,0.1977128196059083,emission
Iodide,water,surface water,020461-54-5,kilogram,95134593.70991097,103069250.8688346,36698188.11046599,0.3857501953744385,emission
Hydrogen chloride,air,,007647-01-0,kilogram,103743995.1378086,105098224.3758083,13293908.43309835,0.1281414737830305,emission
Boron,air,urban air close to ground,007440-42-8,kilogram,88810113.18722436,105228673.5084866,66256339.44538712,0.7460449837025804,emission
Butane,air,urban air close to ground,000106-97-8,kilogram,104603338.8618914,106060669.4539264,10194521.57776271,0.09745885445609544,emission
Dimethyldichlorosilane,air,,000075-78-5,kilogram,105156404.8508658,106149885.4458855,10792239.89061293,0.1026303619443688,emission
Tungsten,water,"ground-, long-term",007440-33-7,kilogram,86223175.3487319,106340049.552088,75616218.67510754,0.876982532471992,emission
Carbon,soil,industrial,007440-44-0,kilogram,98895603.07887957,107005463.5906411,40363456.40165849,0.4081420724990616,emission
Acetic acid,water,surface water,000064-19-7,kilogram,96364122.30254674,107405079.888611,48138423.11092397,0.4995471546950597,emission
Potassium,soil,agricultural,007440-09-7,kilogram,101510705.6028727,108352423.820395,39450066.60557237,0.3886296166623823,emission
"Iodine, in water",natural resource,in water,007553-56-2,kilogram,108906986.428833,109512775.42926,9930929.07740783,0.09118725439985756,natural resource
"Potassium, ion",water,,024203-36-9,kilogram,111902490.8051647,112352961.6490426,11778325.83345156,0.1052552606175586,emission
"Transformation, to grassland, natural (non-use)",natural resource,land,,square meter,113237900.1854175,113634421.3811574,7019093.892745241,0.06198537663849352,natural resource
Lead-210,water,ground-,014255-04-0,kilo Becquerel,90128185.89503524,114644704.4385312,84862977.42925687,0.941580889335659,emission
"Pesticides, unspecified",soil,agricultural,,kilogram,111311039.4741532,114887637.7026859,20520481.78045876,0.1843526201659781,emission
Sulfur dioxide,air,"low population density, long-term",007446-09-5,kilogram,117113335.9229009,117280302.0749606,4229273.092390999,0.03611265155298158,emission
Strontium,water,ocean,007440-24-6,kilogram,115836745.5712281,117519675.1101607,19489535.35292852,0.1682500251264777,emission
Protactinium-234,air,non-urban air or from high stacks,015100-28-4,kilo Becquerel,117308625.637099,119154296.3116703,15087118.36683372,0.1286104775748255,emission
Dichlorodimethylsilane,air,,000075-78-5,kilogram,118726266.3454357,119898868.1957051,11421451.30130603,0.09619986926966236,emission
Radon-220,air,,022481-48-7,kilo Becquerel,91400147.19446722,120542009.2773599,111562568.9287829,1.220595068533284,emission
Thorium-234,air,non-urban air or from high stacks,015065-10-8,kilo Becquerel,119371900.3064662,121200898.5083559,15530335.41533422,0.1301004287898813,emission
Radon-222,air,,014859-67-7,kilo Becquerel,106002786.2863742,122665541.5582184,73200893.7484956,0.6905563175550696,emission
Hydrogen fluoride,air,urban air close to ground,007664-39-3,kilogram,118388636.9545396,123148665.2320722,29215142.77480783,0.2467731999146694,emission
"Methane, from soil or biomass stock",air,non-urban air or from high stacks,000074-82-8,kilogram,123646492.6734434,123646492.6734433,4.472585210112216e-08,3.617235809449557e-16,emission
Dinitrogen monoxide,air,"low population density, long-term",010024-97-2,kilogram,124274998.6959386,125849172.21583,12190947.55041176,0.09809654136661172,emission
"Ethane, 1,1,1,2-tetrafluoro-, HFC-134a",air,,000811-97-2,kilogram,121949294.4266409,126029217.9149807,25550406.44722555,0.2095166402344008,emission
Ozone,air,,010028-15-6,kilogram,124264714.3175416,129548616.189868,29900157.69792776,0.2406166373305456,emission
Scandium,water,"ground-, long-term",007440-20-2,kilogram,110025415.6263484,129807151.9202787,81537586.58831061,0.7410795598829292,emission
Radium-226,water,ground-,013982-63-3,kilo Becquerel,101304600.9681063,130461333.2345457,132326660.6491177,1.306225574994152,emission
Magnesium,soil,agricultural,007439-95-4,kilogram,121011424.9938088,130891733.8944253,53200548.69580135,0.4396324454366455,emission
Calcium,soil,,007440-70-2,kilogram,115563816.060569,132048162.523503,71878293.55823731,0.6219792319817882,emission
"Hydrocarbons, aromatic",air,urban air close to ground,,kilogram,125790004.304265,132667238.464724,39823718.62729275,0.3165888962923145,emission
Metam-sodium,soil,agricultural,000137-42-8,kilogram,130230776.7016295,132669662.1259147,27946472.40380482,0.2145919199102431,emission
Acetochlor,soil,agricultural,034256-82-1,kilogram,130648926.6304084,133254696.7361623,24934182.9739003,0.1908487395723992,emission
"Carboxylic acids, unspecified",water,ocean,,kilogram,117680062.4511096,134238273.3407998,75699631.13728715,0.6432664086045733,emission
"Strontium, in ground",natural resource,in ground,7440-24-6,kilogram,132783221.1910435,136491717.4362061,29319197.8929044,0.2208049904944017,natural resource
"Particulates, > 2.5 um, and < 10um",air,"low population density, long-term",,kilogram,135405955.1308753,140106251.4027128,35601754.78836115,0.2629260637314705,emission
"Transformation, to river, artificial",natural resource,land,,square meter,138729091.5372121,140213219.2917277,16265321.25664901,0.1172452084592946,natural resource
Propene,water,surface water,000115-07-1,kilogram,130112619.8601688,142744798.7128364,55073232.41991463,0.423273564694197,emission
"Methane, monochloro-, R-40",air,,000074-87-3,kilogram,143497855.0146396,144622205.0662635,15320728.3601521,0.1067662534648277,emission
"Manganese, in ground",natural resource,in ground,7439-96-5,kilogram,146058252.0346228,146058828.5161966,1932276.145680296,0.01322948973278315,natural resource
Nitrogen,water,ground-,007727-37-9,kilogram,146354241.8757052,146465111.3918804,6714019.45293483,0.04587512713595873,emission
Beryllium,water,"ground-, long-term",007440-41-7,kilogram,131192804.6701813,146660673.1262314,64639337.18969451,0.4927048960665016,emission
Iron,air,,007439-89-6,kilogram,126173258.3054924,146706341.6586614,74289418.60683219,0.5887889367726532,emission
Metaldehyde,soil,agricultural,000108-62-3,kilogram,141195518.2916075,146847147.7915821,41737501.33054218,0.2956007516070219,emission
Ethanol,air,non-urban air or from high stacks,000064-17-5,kilogram,146159276.8970515,147208641.4801922,14995827.38711956,0.1025992171381773,emission
Xylene,air,,001330-20-7,kilogram,134470990.0412078,148858867.3283892,58934858.58254829,0.4382719169724866,emission
"Transformation, to traffic area, road network",natural resource,land,,square meter,148229945.2370349,149918260.6694588,19003213.51993949,0.1282009076475836,natural resource
Benzene,air,,000071-43-2,kilogram,134816824.0177239,151687685.7531848,67388379.76471345,0.4998514113924989,emission
Phosphate,water,,014265-44-2,kilogram,146905991.9017655,153251721.2389821,33640764.09397929,0.2289951802406706,emission
Sulfur dioxide,air,lower stratosphere + upper troposphere,007446-09-5,kilogram,155874450.0651476,155958456.0399508,4533981.602882268,0.02908739438046001,emission
"Hydrocarbons, aromatic",air,,,kilogram,138525086.3174434,158410282.6633729,84578720.47977631,0.610566091155187,emission
"Ammonium, ion",water,,014798-03-9,kilogram,152563647.915796,160588361.3149149,48920732.02051385,0.3206578545336995,emission
Formaldehyde,air,,000050-00-0,kilogram,160133241.335897,163505061.0042928,25821957.65918629,0.1612529506289197,emission
Ethyne,air,urban air close to ground,000074-86-2,kilogram,160550214.8633062,164199529.4472396,33613386.51648966,0.2093636968664812,emission
Propanil,soil,agricultural,000709-98-8,kilogram,162039582.7522507,164350478.5305229,25833685.80763755,0.1594282419693452,emission
Cobalt,water,"ground-, long-term",007440-48-4,kilogram,150165888.0135397,164468110.0979978,63930533.97841731,0.4257327334730842,emission
Methane,air,urban air close to ground,014493-06-2,kilogram,166859020.1452639,167401722.5935259,11236304.38927804,0.06734010771186336,emission
"VOC, volatile organic compounds, unspecified origin",water,surface water,,kilogram,140904373.3809485,168512191.2408868,106183930.314671,0.7535886059944539,emission
Polonium-210,water,ground-,013981-52-7,kilo Becquerel,137980588.6728214,170788993.7348119,132002777.3386629,0.9566764325934787,emission
Fluoride,water,surface water,016984-48-8,kilogram,151302169.8110667,176157740.3210986,98517008.29770018,0.6511275312225847,emission
Butane,air,non-urban air or from high stacks,000106-97-8,kilogram,169983250.5865095,176903142.2228049,38654178.36846052,0.2273999246107385,emission
Nitrobenzene,water,surface water,000098-95-3,kilogram,147766265.3889115,177272875.8021821,118713494.9411671,0.8033869884220237,emission
Aluminium,water,surface water,007429-90-5,kilogram,151311621.789108,177353425.656869,95629823.36882487,0.6320058052256542,emission
Propene,air,urban air close to ground,000115-07-1,kilogram,172491355.9735429,177633814.1412753,35695134.22927652,0.2069386841318096,emission
Carbosulfan,soil,agricultural,055285-14-8,kilogram,180103742.714072,182127790.0181541,33962503.15298916,0.1885718899629262,emission
"Cerium, in ground",natural resource,in ground,007440-45-1,kilogram,183086932.9067412,182998981.1602677,5949988.793092998,0.03249816193121623,natural resource
Xylene,air,urban air close to ground,001330-20-7,kilogram,175720617.5717118,184426188.7274482,48383824.2706231,0.2753451754224435,emission
Toluene,air,urban air close to ground,000108-88-3,kilogram,184613735.3753024,187733782.8693928,23523420.97610722,0.1274196685760478,emission
Thorium-232,water,surface water,007440-29-1,kilo Becquerel,164657741.9884961,189635033.2942902,116389487.5356723,0.7068570607740018,emission
Ethene,air,non-urban air or from high stacks,000074-85-1,kilogram,158281894.8334957,190454745.0304201,121145308.2277847,0.7653769141140451,emission
"Arsenic, ion",water,"ground-, long-term",017428-41-0,kilogram,170720842.2432906,191347307.8945267,102635579.4306495,0.6011895096228834,emission
Nitrogen oxides,air,"low population density, long-term",011104-93-1,kilogram,191804494.2903181,192222131.4673212,11601904.38216817,0.06048817794961239,emission
"Chloride, ion",water,,016887-00-6,kilogram,196675118.7085237,197005357.526587,11690953.11678234,0.05944296967278589,emission
Hexane,air,non-urban air or from high stacks,000110-54-3,kilogram,195721295.5383886,198837680.9583802,32493625.89108072,0.1660198794499981,emission
Chromium VI,water,surface water,018540-29-9,kilogram,166443215.1632901,199160190.4390098,124926013.5689144,0.7505623671493907,emission
Isobutane,air,urban air close to ground,000075-28-5,kilogram,197885033.571156,200906866.3045062,40510056.55279269,0.2047151106969693,emission
Magnesium,water,ground-,007439-95-4,kilogram,195169793.5549586,201568460.438707,43460646.61122526,0.2226812142371151,emission
Chromium-51,water,surface water,014392-02-0,kilo Becquerel,203941906.5677261,204506582.5843034,13314291.31949753,0.06528472516302604,emission
Silicon,water,ground-,007440-21-3,kilogram,184423876.2954922,210634032.4299141,107349009.8436782,0.5820776138100406,emission
Organic carbon,air,urban air close to ground,,kilogram,208280655.5178222,211463195.0330469,29250953.21230717,0.1404400861884373,emission
Toluene,air,,000108-88-3,kilogram,182024222.4993392,212595370.5435409,117060679.174933,0.6431049536572417,emission
Atrazine,soil,agricultural,001912-24-9,kilogram,228027313.2753358,229391338.9081665,29805210.58976972,0.1307089495624626,emission
Sulfur,soil,industrial,007704-34-9,kilogram,235223015.8804115,238100775.3013036,35125143.66146398,0.149326984563967,emission
Sulfur,soil,,007704-34-9,kilogram,212983586.7591293,239198764.1414035,120329542.0150302,0.5649709625329725,emission
Sodium,air,urban air close to ground,007440-23-5,kilogram,210396853.5802236,239420534.2021814,107537891.6237659,0.5111192957206561,emission
Uranium-235,water,surface water,015117-96-1,kilo Becquerel,216868222.9427952,242302746.6100988,118465566.4696165,0.5462559929808847,emission
Napropamide,soil,agricultural,015299-99-7,kilogram,234511476.5649399,244117670.4234423,73429076.64378336,0.3131150667735006,emission
"Hydrocarbons, aromatic",water,surface water,,kilogram,205500935.1156883,246702453.3628141,165118867.6384539,0.8034944831053883,emission
"Potassium, ion",water,ground-,024203-36-9,kilogram,207261034.0294736,247375497.4376793,146826564.0364845,0.7084137388584338,emission
Strontium,water,,007440-24-6,kilogram,206246204.5769859,256749545.0540402,190637482.7916813,0.9243199562517123,emission
Carbonate,water,surface water,003812-32-6,kilogram,242981139.1362166,259297472.3007507,82171092.41335614,0.3381788920138799,emission
"Suspended solids, unspecified",water,ground-,,kilogram,263798824.5929324,264214907.1521898,11751126.25605433,0.04454578701852625,emission
Metolachlor,soil,agricultural,051218-45-2,kilogram,258102049.3250425,265672591.7890517,56151630.58008117,0.2175559269169779,emission
Phosphate,water,ocean,014265-44-2,kilogram,264255937.7463389,271168110.5484274,63571040.98495023,0.2405661781040943,emission
"Radioactive species, alpha emitters",water,surface water,,kilo Becquerel,200068154.5542126,277499499.4628968,304135880.0468819,1.520161370631676,emission
Acrylonitrile,air,,000107-13-1,kilogram,278887166.0970168,280093963.6778001,24755172.17909333,0.08876411390863974,emission
Benzene,air,urban air close to ground,000071-43-2,kilogram,277923372.5908821,280852050.147814,39452084.51621442,0.1419531007717367,emission
Elemental carbon,water,ground-,007440-44-0,kilogram,278892324.2193933,284977008.4495893,47168612.03931374,0.1691283981061024,emission
Elemental carbon,soil,,007440-44-0,kilogram,282753333.6480387,286170713.3756181,45721455.96520281,0.1617008555666235,emission
Sulfuric acid,soil,agricultural,007664-93-9,kilogram,289230913.0666344,292433355.1601228,47983965.79130639,0.1659019268810026,emission
Cyclohexane,water,surface water,000110-82-7,kilogram,270508379.4454724,295829880.3532312,123083102.5416387,0.4550066167782026,emission
Hydrogen sulfide,air,urban air close to ground,007783-06-4,kilogram,292628681.3581368,301782995.6215742,64532985.76818364,0.2205285738522816,emission
Carbetamide,soil,agricultural,016118-49-3,kilogram,288030256.3552558,302873481.3160801,92230216.76278698,0.3202101679520448,emission
"Nickel, ion",water,surface water,014701-22-5,kilogram,427034172.0984499,311333057.5809015,17977224447.02169,42.09785919164605,emission
Thorium-228,air,non-urban air or from high stacks,014274-82-9,kilo Becquerel,309543797.859091,313802204.3515238,37641504.59955344,0.1216031620077506,emission
"Methane, non-fossil",air,,000074-82-8,kilogram,307368852.9254906,314514149.5633824,64805210.0221606,0.2108385719807142,emission
Hydrogen fluoride,air,non-urban air or from high stacks,007664-39-3,kilogram,314261473.1524658,316308062.8049829,27534573.25610626,0.08761676377284626,emission
Nitric oxide,air,,010102-43-9,kilogram,318437642.5004113,320337906.4767664,27520904.22472364,0.08642478322796933,emission
Carbon disulfide,air,non-urban air or from high stacks,000075-15-0,kilogram,318115011.9612653,321154743.6104382,37800863.44777901,0.1188276630352225,emission
Sulfur,water,,007704-34-9,kilogram,321791968.7044706,324199737.4691414,25377109.05006409,0.07886184714998304,emission
Sulfur,soil,agricultural,007704-34-9,kilogram,310298071.1895564,327569956.1383743,84807178.51495552,0.2733087517748317,emission
Chlorate,water,surface water,007790-93-4,kilogram,301279397.1582645,340543994.1742981,142776479.6486275,0.473900575330831,emission
Mineral oil,soil,agricultural,,kilogram,343984415.8957373,345065027.3834791,25893995.27395654,0.07527665230568205,emission
Dimethylamine,air,,000124-40-3,kilogram,347424679.2229432,349936666.3171576,30236463.64269396,0.08703027001513369,emission
Thorium-234,water,surface water,015065-10-8,kilo Becquerel,304304274.5087246,350751040.1900032,180749485.2346767,0.5939761625973956,emission
"Tin, ion",water,"ground-, long-term",022537-50-4,kilogram,315290685.6099699,355064473.9541548,179491761.0520349,0.5692897673294257,emission
Sulfur oxides,air,,,kilogram,307673641.136481,355484888.143505,193844814.2407532,0.6300338681101563,emission
Protactinium-234,water,surface water,015100-28-4,kilo Becquerel,316181953.6873118,355536394.163463,182938537.6645349,0.578586271389328,emission
Propane,air,non-urban air or from high stacks,000074-98-6,kilogram,346730357.5041876,358602844.0917319,73842672.31576528,0.2129685812551716,emission
Dissolved solids,water,surface water,,kilogram,358446442.2184864,360981805.840616,40049255.96775733,0.1117300975841345,emission
Nitrogen,water,surface water,007727-37-9,kilogram,369458800.438239,371209501.2760009,26556018.85075594,0.0718781602150392,emission
Hexane,air,urban air close to ground,000110-54-3,kilogram,370656072.0547714,373208848.0846397,42079710.5755906,0.1135276439485188,emission
Monoethanolamine,air,urban air close to ground,000141-43-5,kilogram,358789691.6149321,376936723.2070757,122567890.9822863,0.3416148619839146,emission
Zinc-65,water,surface water,013982-39-3,kilo Becquerel,394968164.1463258,395904234.4354159,13367728.23873712,0.0338450777865345,emission
Aluminium,water,,007429-90-5,kilogram,331450393.1414818,396050020.3575988,246294109.2528622,0.7430798525187747,emission
Bromide,water,surface water,024959-67-9,kilogram,334760520.9031173,396647083.987821,261558707.6975936,0.7813308062490769,emission
Boron,water,"ground-, long-term",007440-42-8,kilogram,311121359.2444077,397232627.9185846,326548219.1279248,1.049584701998548,emission
"Calcium, ion",water,ground-,014127-61-8,kilogram,390658753.9158775,403775763.6720271,84554432.66763005,0.2164406449876651,emission
Propane,air,urban air close to ground,000074-98-6,kilogram,400551223.9420912,408252691.3541028,67676231.21753299,0.1689577441593766,emission
Cesium-137,water,surface water,010045-97-3,kilo Becquerel,408042844.3644753,408722344.0107805,18484674.85686247,0.04530081855902231,emission
Nitrogen,water,,007727-37-9,kilogram,403961908.3226827,411655682.2789741,74167554.7690908,0.1836003673639598,emission
"Tin, in ground",natural resource,in ground,007440-31-5,kilogram,410587772.05074,411945229.0512964,43386198.78464102,0.1056685116752074,natural resource
"Transformation, from permanent crop, non-irrigated, intensive",natural resource,land,,square meter,404469999.1219357,412361611.1865703,91754815.1736895,0.2268519676932284,natural resource
Fluoride,water,ocean,016984-48-8,kilogram,408759989.5332488,424069357.2484055,100247186.4661902,0.2452470619266323,emission
Barite,water,,007727-43-7,kilogram,430124620.7640094,430111592.4141814,1295569.497296351,0.003012079371311258,emission
Glyphosate,soil,agricultural,001071-83-6,kilogram,430344117.651412,433168420.4004154,29497607.49367973,0.06854423305391483,emission
Dinitrogen monoxide,air,,010024-97-2,kilogram,427850337.9005747,437930207.4046058,65443839.17514881,0.1529596528923552,emission
Thorium-232,air,"low population density, long-term",007440-29-1,kilo Becquerel,391609478.7375474,438176075.134613,223910654.2773951,0.5717702620458217,emission
"Transformation, to permanent crop, non-irrigated, intensive",natural resource,land,,square meter,431850404.6666218,441010598.6299668,87996944.03260095,0.2037671913275906,natural resource
"Iron, ion",water,,015438-31-0,kilogram,393465802.3260059,442300724.2023361,193688761.9342346,0.4922632685972385,emission
"Oils, unspecified",water,,,kilogram,426772727.1650047,454451169.770175,133873645.3587526,0.3136883798738915,emission
Uranium-234,water,surface water,013966-29-5,kilo Becquerel,357108215.8104637,454453843.2773818,415376760.7554215,1.163167752421255,emission
Carbon-14,water,surface water,014762-75-5,kilo Becquerel,458363373.1325471,459045563.4171542,17380741.15495811,0.03791913179313314,emission
"Hydrocarbons, aliphatic, unsaturated",air,urban air close to ground,,kilogram,450199281.9772152,460551148.1056561,75159989.4713289,0.1669482659795374,emission
Hydrogen sulfide,water,ground-,007783-06-4,kilogram,456523851.9565229,463823972.9647703,69522788.96981223,0.1522873091337038,emission
Thorium-232,air,non-urban air or from high stacks,007440-29-1,kilo Becquerel,459512266.0333681,465563650.6321436,54538870.24171757,0.1186886058831717,emission
"Transformation, from pasture, man made, extensive",natural resource,land,,square meter,438928953.109991,467647611.8385576,183129358.8076403,0.4172186808596106,natural resource
"Transformation, to pasture, man made, extensive",natural resource,land,,square meter,435526399.3782975,467974348.0539048,184512226.13615,0.4236533684284957,natural resource
Ammonia,air,"low population density, long-term",007664-41-7,kilogram,470189272.2339969,471095480.7317554,27355600.6776018,0.05817997622027383,emission
Barium,water,surface water,007440-39-3,kilogram,336175100.609235,480079432.2421651,475866631.2487863,1.415532055724516,emission
Ethane,air,urban air close to ground,000074-84-0,kilogram,490096008.1443914,502903180.0302614,101587481.0724235,0.2072807763871725,emission
"Transformation, from forest, secondary (non-use)",natural resource,land,,square meter,509514723.0992044,509514723.0992043,5.963446946816288e-08,1.170417001994108e-16,natural resource
Silicon,soil,agricultural,007440-21-3,kilogram,446726283.0315905,514755079.2393925,272941420.7514899,0.6109813349222363,emission
Phosphate,water,ground-,014265-44-2,kilogram,509798489.4294809,521793562.9074453,85825988.75812508,0.1683527718063142,emission
"Vermiculite, in ground",natural resource,in ground,,kilogram,526807623.2958496,537118006.0725272,92612942.9626181,0.1758003090069326,natural resource
Bromine,water,surface water,007726-95-6,kilogram,492464292.8898192,544173917.8028119,235355262.0924397,0.4779133543091146,emission
"Transformation, from wetland, inland (non-use)",natural resource,land,,square meter,523664851.3724048,545027679.9113969,147233456.4093495,0.2811597074416672,natural resource
Thorium-230,air,non-urban air or from high stacks,014269-63-7,kilo Becquerel,482219937.2787962,552091633.9445655,282361926.4594799,0.5855459399975657,emission
Radium-228,air,non-urban air or from high stacks,015262-20-1,kilo Becquerel,555083889.6800737,561297115.2409377,65948427.07542632,0.1188080365896336,emission
Tebutam,soil,agricultural,035256-85-0,kilogram,539965461.0414162,564005618.1875281,167872537.4000184,0.3108949544221724,emission
Hydrogen,air,,001333-74-0,kilogram,561197674.5777371,564131502.393595,50382287.81704075,0.08977636597469862,emission
Chromium,soil,agricultural,007440-47-3,kilogram,300105397.4610112,568070065.9943513,14649116908.87188,48.81324039090315,emission
"Steatite, in ground",natural resource,in ground,14378-12-2,kilogram,572156043.5925169,574243467.6419259,50243154.33921952,0.08781372652073588,natural resource
"Chlorides, unspecified",water,,,kilogram,576838778.1815255,576691386.4111818,14687747.25121814,0.02546248242450173,emission
"Nickel, ion",water,"ground-, long-term",014701-22-5,kilogram,512217476.6573013,577439051.7785381,265828822.7970203,0.518976479544982,emission
"Sodium, ion",water,ground-,017341-25-2,kilogram,510399478.5325294,581910077.9122722,267980797.6823604,0.5250412842365024,emission
Chromium VI,water,"ground-, long-term",018540-29-9,kilogram,515810062.97637,582641092.5978482,296652404.7998458,0.5751194598416276,emission
"Chromium, ion",water,surface water,016065-83-1,kilogram,54626783.14226773,584194502.1236377,17360285623.04054,317.79805846938,emission
Toluene,air,non-urban air or from high stacks,000108-88-3,kilogram,552059053.4750981,596270234.8801717,225217903.7393193,0.4079598048825011,emission
Sulfate,air,urban air close to ground,014808-79-8,kilogram,589362714.9970541,598376225.913476,79673694.35549244,0.1351861804761278,emission
Lead,soil,agricultural,007439-92-1,kilogram,632646250.0657456,616495695.7389684,14255115493.18788,22.53252191363889,emission
Formaldehyde,air,non-urban air or from high stacks,000050-00-0,kilogram,605150394.7872211,634736325.4030879,222700452.977776,0.3680084403746947,emission
"Occupation, unspecified",natural resource,land,,square meter-year,625217726.9582274,635493948.948528,118787616.4513664,0.1899939994172669,natural resource
"Molybdenum, in ground",natural resource,in ground,007439-98-7,kilogram,663498046.4164765,669937673.9463007,48860452.68897858,0.07364068809677995,natural resource
Pentane,air,non-urban air or from high stacks,000109-66-0,kilogram,638123326.0337375,675187728.6542888,229276748.1745377,0.3592984910920116,emission
Organic carbon,soil,,,kilogram,662396395.7664899,675443333.5694822,109099510.3522336,0.1647042632621656,emission
"Carbon monoxide, fossil",air,lower stratosphere + upper troposphere,000630-08-0,kilogram,619783675.3846779,678545438.1207656,297372714.0006637,0.4798008173030613,emission
"Bromine, in water",natural resource,in water,007726-95-6,kilogram,676792058.4316089,680096879.9475521,65429393.32505877,0.09667576992065213,natural resource
Organic carbon,water,ground-,,kilogram,673446730.3092092,681734234.0197076,110465355.9533922,0.1640298348507427,emission
Xenon-133m,air,non-urban air or from high stacks,378784-91-9,kilo Becquerel,681065513.5889163,683039630.8298112,44737448.02684295,0.06568743701482731,emission
Nitrate,water,"ground-, long-term",014797-55-8,kilogram,684081919.7840128,695089807.8829392,104469628.2933469,0.1527150846587663,emission
Aluminium,soil,,007429-90-5,kilogram,637142088.0384643,719840140.1411474,374245633.6764463,0.5873817484395302,emission
Dinitrogen monoxide,air,urban air close to ground,010024-97-2,kilogram,714339397.6868656,721936402.1402333,68086196.45049328,0.0953135115758227,emission
Carbonate,water,,003812-32-6,kilogram,662355818.814028,732619577.9759971,340851758.9649135,0.5146052156305064,emission
Silver-110,water,surface water,014391-76-5,kilo Becquerel,736429106.6966707,739742842.0503391,50347805.55438416,0.0683674845230174,emission
Iron,soil,,007439-89-6,kilogram,720885472.0020497,741508319.7258215,148690101.0286047,0.2062603656245994,emission
Thorium-232,air,urban air close to ground,007440-29-1,kilo Becquerel,603123146.4355612,744308007.7839754,613241585.5660274,1.016776738200591,emission
"Gangue, bauxite, in ground",natural resource,in ground,,kilogram,748714828.474977,751310182.201351,36826964.48933523,0.0491869041305705,natural resource
"Carbon monoxide, non-fossil",air,,000630-08-0,kilogram,629447350.2517965,762700335.1402264,455400657.6934255,0.7234928505319032,emission
Uranium-234,air,non-urban air or from high stacks,013966-29-5,kilo Becquerel,708444747.0945177,771028611.7935938,286243683.6852567,0.4040451776362275,emission
"Iron, ion",water,surface water,015438-31-0,kilogram,677347677.855433,771233331.6779741,379372984.2586122,0.5600860483640459,emission
"Sodium nitrate, in ground",natural resource,in ground,007631-99-4,kilogram,766505395.0816929,785326134.562032,166920742.9570302,0.2177685167359326,natural resource
Uranium alpha,air,non-urban air or from high stacks,007440-61-1,kilo Becquerel,520272377.9956113,787725532.2083535,920632940.6590239,1.769521080872738,emission
"Suspended solids, unspecified",water,surface water,,kilogram,770569170.4513106,789853616.3634968,133537942.4365523,0.1732978005833547,emission
Iodine-131,air,non-urban air or from high stacks,010043-66-0,kilo Becquerel,776939247.8055766,790258748.015735,154614059.3055159,0.1990040530739245,emission
Sulfur,water,surface water,007704-34-9,kilogram,729144896.8949577,790823221.3486755,322688735.6384804,0.4425577645988348,emission
Polonium-210,water,surface water,013981-52-7,kilo Becquerel,682035695.8752115,795154845.117545,499033408.2050282,0.7316822436465756,emission
Magnesium,air,urban air close to ground,007439-95-4,kilogram,656420106.0591174,803082866.7737082,529696599.1957107,0.8069475543273594,emission
Ammonia,air,urban air close to ground,007664-41-7,kilogram,804887316.1587062,810150580.2399127,60707687.65845682,0.07542383441719759,emission
Iodine-131,water,surface water,010043-66-0,kilo Becquerel,814612527.1575015,815918581.1668247,29971169.07163391,0.03679193244942466,emission
Lead-210,water,surface water,014255-04-0,kilo Becquerel,676218129.3461597,816263365.3957169,495621244.1324146,0.7329310212543909,emission
2-Propanol,air,,000067-63-0,kilogram,825537553.2365066,825580255.7525053,72111363.58928104,0.08735079743685749,emission
Hydrogen sulfide,water,"ground-, long-term",007783-06-4,kilogram,822728030.675441,843795348.1846341,135082540.6190935,0.1641885721435719,emission
"Occupation, permanent crop, non-irrigated, intensive",natural resource,land,,square meter-year,838604769.507252,845525355.7096907,110080852.2696202,0.1312666661010068,natural resource
"Hydrocarbons, aromatic",air,non-urban air or from high stacks,,kilogram,787008521.1743991,849466038.3915895,349039822.3486641,0.4435019608527437,emission
"Chlorinated solvents, unspecified",air,non-urban air or from high stacks,,kilogram,780335386.2898049,857726046.4368591,399860613.6372538,0.5124214801259206,emission
"Cadmium, ion",water,surface water,022537-48-0,kilogram,1717678581.723858,860468120.5030226,17449019683.6205,10.15848941081207,emission
"Oils, non-fossil",soil,forestry,,kilogram,838065520.9135118,871543035.4267957,242716204.1863444,0.2896148309761961,emission
Calcium,air,urban air close to ground,007440-70-2,kilogram,792610801.7895024,872328721.6816863,341710402.7598206,0.431120042760369,emission
Strontium-90,water,ocean,010098-97-2,kilo Becquerel,741033934.9929203,872895482.4998529,568884194.9807454,0.7676898022034314,emission
"Oils, unspecified",soil,industrial,,kilogram,834983637.8695672,883150261.3960611,183488902.0034135,0.2197514941389501,emission
"Discarded fish, demersal, to ocean",water,ocean,,kilogram,892549704.2353504,893622272.7158505,8859649.008583117,0.009926224799069539,emission
"Aluminium, in ground",natural resource,in ground,007429-90-5,kilogram,895017041.8883903,894953091.8240614,11009427.44174519,0.01230080202553068,natural resource
"Occupation, urban, green area",natural resource,land,,square meter-year,907479043.1590056,911678527.8635762,86007464.04779714,0.09477625372856922,natural resource
"Particulates, > 2.5 um, and < 10um",air,,,kilogram,913946280.18013,927510450.4548978,103804965.1558265,0.1135788474738007,emission
Aluminium,soil,agricultural,007429-90-5,kilogram,934406307.8098075,945337536.0411016,96746649.77632014,0.1035380957595294,emission
Barium,water,,007440-39-3,kilogram,761734186.9047818,964400236.2695217,756392767.9863048,0.9929878177843359,emission
Ethene,air,urban air close to ground,000074-85-1,kilogram,954707703.6670892,982144513.7620797,199769543.7572797,0.2092468123908009,emission
Potassium-40,water,surface water,013966-00-2,kilo Becquerel,866218136.5056181,1005775248.719768,589803205.1267133,0.6808945463853007,emission
Bromine,water,,007726-95-6,kilogram,802905941.1282023,1013596795.700828,749751697.701916,0.9337976708061262,emission
Strontium,water,surface water,007440-24-6,kilogram,713436943.9174461,1034106996.335428,1010034854.33233,1.41573107889014,emission
Hydrogen,air,urban air close to ground,001333-74-0,kilogram,1002626219.468021,1040889981.975247,235027460.522188,0.2344118435750566,emission
"Transformation, from traffic area, rail/road embankment",natural resource,land,,square meter,995010355.5540807,1041907986.843268,271361099.1985177,0.2727218844344668,natural resource
"Copper, ion",water,surface water,017493-86-6,kilogram,644142742.5428234,1043992641.37767,18031086874.44416,27.99237759516546,emission
Iron,air,urban air close to ground,007439-89-6,kilogram,843283334.5642872,1045111809.163541,712323273.9958507,0.8447021834765633,emission
"Zirconium, in ground",natural resource,in ground,007440-67-7,kilogram,1041872884.086969,1045530635.395794,54146015.47087463,0.0519698864399612,natural resource
Uranium-238,water,surface water,007440-61-1,kilo Becquerel,953759194.5964668,1046759793.585664,428971945.2660412,0.4497696564252134,emission
Cobalt-60,water,surface water,010198-40-0,kilo Becquerel,1059654075.324647,1061229062.874292,43470440.59569257,0.04102323730730193,emission
"Vanadium, ion",water,"ground-, long-term",022541-77-1,kilogram,941574888.3254187,1068693626.201249,590450503.4625516,0.6270882016752398,emission
Phosphorus,water,surface water,007723-14-0,kilogram,1069523274.015089,1076826077.592846,60755631.33328062,0.0568062732334925,emission
Calcium,soil,agricultural,007440-70-2,kilogram,993678867.0244925,1084064782.605092,471971187.0902241,0.474973558110893,emission
Silicon,water,surface water,007440-21-3,kilogram,984475211.806052,1094118972.831541,451670357.7563326,0.4587930222516508,emission
Lead-210,water,ocean,014255-04-0,kilo Becquerel,874341768.8713356,1103339150.907638,877625857.832138,1.003756070083489,emission
Silicon,soil,,007440-21-3,kilogram,991449184.8483834,1110356411.038049,537920246.8285538,0.5425595734498635,emission
"Ammonium, ion",water,"ground-, long-term",014798-03-9,kilogram,1007609694.693262,1161651133.684472,646743799.2028782,0.6418594447920242,emission
Hydrogen carbonate,water,ocean,71-52-3,kilogram,1138755229.639446,1163896194.350798,194189417.343107,0.1705277941112873,emission
"Transformation, to traffic area, rail/road embankment",natural resource,land,,square meter,1129660991.994248,1166058608.147044,261568579.5875198,0.2315460845698137,natural resource
Thorium-228,air,urban air close to ground,014274-82-9,kilo Becquerel,926942003.6839418,1171305570.693768,911726945.8852667,0.9835857499841348,emission
"Transformation, to dump site",natural resource,land,,square meter,1088810035.681198,1179429034.208792,459111004.6735457,0.4216630905558374,natural resource
Lead-210,water,,014255-04-0,kilo Becquerel,1109575711.635029,1304951509.581706,883685402.2357333,0.7964173989835879,emission
"Hydrocarbons, aliphatic, alkanes, unspecified",air,urban air close to ground,,kilogram,1277127774.44496,1320605923.957249,244947797.8763619,0.1917958428104943,emission
"Transformation, from forest, unspecified",natural resource,land,,square meter,1322684033.218036,1343203591.224441,217948893.7422949,0.164777746059302,natural resource
Ammonia,air,,007664-41-7,kilogram,1345049622.738627,1350469080.209069,125022972.6850445,0.09295045370184031,emission
Iron,soil,agricultural,007439-89-6,kilogram,1314143053.233386,1365782869.36921,340268058.7090044,0.2589277155723581,emission
Strontium,water,"ground-, long-term",007440-24-6,kilogram,1158240354.434315,1367300476.795146,754723476.2525119,0.651612140228976,emission
"Carbon monoxide, fossil",air,"low population density, long-term",000630-08-0,kilogram,1153896282.053794,1372591899.808645,855799245.2845111,0.741660458218388,emission
Carbon,soil,agricultural,007440-44-0,kilogram,1435654321.02566,1475755442.661534,338874261.9697055,0.2360416828806026,emission
Barium,water,"ground-, long-term",007440-39-3,kilogram,1423698666.817706,1484649059.609845,382791453.6585427,0.2688711189947025,emission
"Transformation, from mineral extraction site",natural resource,land,,square meter,1465764334.236367,1526442106.807436,367644707.6517592,0.2508211579887394,natural resource
"TOC, Total Organic Carbon",water,,,kilogram,1466623623.559789,1558627300.351522,417901579.1929821,0.2849412572386167,emission
Potassium,air,urban air close to ground,007440-09-7,kilogram,1468732886.453641,1568417386.87597,442678605.0667192,0.301401711059659,emission
"Transformation, to lake, artificial",natural resource,land,,square meter,1550163528.022316,1574329257.225709,234305217.8376983,0.1511487101858361,natural resource
Benzene,air,non-urban air or from high stacks,000071-43-2,kilogram,1081450334.261871,1585640937.276503,2257554043.526782,2.087524477088117,emission
Ethane,air,non-urban air or from high stacks,000074-84-0,kilogram,1547917144.837686,1587508284.847538,343806252.8639112,0.2221089507345451,emission
"DOC, Dissolved Organic Carbon",water,,,kilogram,1522531111.103667,1611743466.364628,407800392.1955542,0.2678437170981313,emission
Cobalt-58,water,surface water,013981-38-9,kilo Becquerel,1620040855.033964,1631623542.383561,119831869.1330897,0.07396842416704207,emission
"Fluorine, in ground",natural resource,in ground,007782-41-4,kilogram,1650504844.779152,1678585503.333941,301406212.7611129,0.1826145580332682,natural resource
Carnallite,natural resource,in water,001318-27-0,kilogram,1564876770.065619,1684563168.651667,628498730.9145145,0.401628257851997,natural resource
"Actinides, radioactive, unspecified",air,non-urban air or from high stacks,,kilo Becquerel,1671562017.41405,1690430983.704613,202716044.732164,0.1212734212792003,emission
Hydrogen chloride,air,urban air close to ground,007647-01-0,kilogram,1668865366.83092,1726041752.776701,396683816.5535246,0.2376967156474727,emission
"Calcium, in ground",natural resource,in ground,7440-70-2,kilogram,1725650468.614041,1726872844.62452,64919078.83226468,0.03762006270273525,natural resource
"Carboxylic acids, unspecified",water,surface water,,kilogram,1445536919.18442,1764968999.342763,1246804551.113313,0.8625200329139759,emission
"Iron, ion",water,ground-,015438-31-0,kilogram,1721872166.585979,1786704043.3709,486291974.2408274,0.2824204860718649,emission
"Nitrogen, organic bound",water,"ground-, long-term",007727-37-9,kilogram,1640614955.658486,1868742106.901461,991269611.6591427,0.6042061290738884,emission
Krypton-89,air,non-urban air or from high stacks,016316-03-3,kilo Becquerel,1873145259.033234,1880491790.535188,129237337.1711597,0.06899482917724256,emission
"Carbon monoxide, from soil or biomass stock",air,non-urban air or from high stacks,000630-08-0,kilogram,1891064024.455291,1891064024.455291,2.385378778726515e-07,1.261395038919219e-16,emission
"Wood, hard, standing",natural resource,biotic,,cubic meter,1890814780.497897,1899989783.862165,242400614.10326,0.1281990264744123,natural resource
Radon-222,air,urban air close to ground,014859-67-7,kilo Becquerel,1602296010.799132,1915310057.021437,1127119161.079812,0.7034400344775686,emission
"Occupation, urban/industrial fallow (non-use)",natural resource,land,,square meter-year,1855276238.327484,1931104921.571404,519114248.991565,0.2798042891227574,natural resource
Nitrate,water,,014797-55-8,kilogram,1945268509.403855,1969994584.930239,245756026.5850233,0.1263352721729595,emission
Uranium-238,air,non-urban air or from high stacks,007440-61-1,kilo Becquerel,1934001177.412501,1980835294.415698,329924503.7116928,0.1705916767605584,emission
"Transformation, to unspecified",natural resource,land,,square meter,1940538924.145264,1987475779.403941,489090592.795678,0.2520385377021512,natural resource
"Transformation, from forest, extensive",natural resource,land,,square meter,2037065276.534474,2049077915.302525,173356815.085893,0.08510125673577512,natural resource
"Particulates, < 2.5 um",air,,,kilogram,2029105110.931973,2094655268.299653,336809060.0038173,0.1659889663621812,emission
Uranium-238,air,urban air close to ground,007440-61-1,kilo Becquerel,1730469262.291129,2148753167.756817,1417421626.638436,0.8190966794531676,emission
Copper,soil,agricultural,007440-50-8,kilogram,1913030992.948265,2160963242.020945,13860212619.78251,7.245158427058131,emission
Potassium-40,air,non-urban air or from high stacks,013966-00-2,kilo Becquerel,2157591249.544447,2178825619.601877,257551516.6320033,0.1193699300951385,emission
Zirconium-95,water,surface water,013967-71-0,kilo Becquerel,2078571643.414735,2215282646.723183,688218804.4230793,0.3311017960836098,emission
Aluminium,air,urban air close to ground,007429-90-5,kilogram,1834388620.157924,2231417270.417444,1583348023.714603,0.8631475393574408,emission
Manganese,water,"ground-, long-term",007439-96-5,kilogram,1924088504.293203,2350768402.405879,1935323731.557082,1.005839246603683,emission
"Transformation, from forest, primary (non-use)",natural resource,land,,square meter,2355410529.652138,2355434504.375001,1548565.563916201,0.0006574503868524792,natural resource
"Spodumene, in ground",natural resource,in ground,001302-37-0,kilogram,2220252559.915998,2423575638.38857,1126005801.964411,0.5071521241741133,natural resource
Radium-226,air,non-urban air or from high stacks,013982-63-3,kilo Becquerel,2366218526.180621,2433739030.038655,428153903.761307,0.1809443629250939,emission
Hydrogen chloride,air,non-urban air or from high stacks,007647-01-0,kilogram,2461092006.874576,2482904665.946746,204773082.618489,0.08320415573513534,emission
"Occupation, urban, discontinuously built",natural resource,land,,square meter-year,2301513432.53223,2506535636.118089,1218830149.61902,0.5295776824026646,natural resource
"Occupation, grassland, natural (non-use)",natural resource,land,,square meter-year,2566199921.096959,2567255151.719049,111383538.0021251,0.04340407662179049,natural resource
Radium-226,air,urban air close to ground,013982-63-3,kilo Becquerel,2124428871.839303,2583510969.037266,1920849958.516142,0.904172403217762,emission
Lead,water,"ground-, long-term",007439-92-1,kilogram,2399526393.577096,2602724151.174427,864629933.6866808,0.3603335791600663,emission
Potassium-40,water,ocean,013966-00-2,kilo Becquerel,2100106009.59424,2651718355.344123,2166302300.1673,1.031520451953685,emission
"Ammonium, ion",water,surface water,014798-03-9,kilogram,2634381240.034538,2743646248.093785,632315744.9867622,0.2400243880337047,emission
Potassium-40,air,urban air close to ground,013966-00-2,kilo Becquerel,2227429468.592785,2850314834.335405,1999425854.754677,0.8976382340931527,emission
Magnesium,water,,007439-95-4,kilogram,2422912434.199347,2866827405.843796,1850012975.150709,0.7635492513216007,emission
"Discarded fish, pelagic, to ocean",water,ocean,,kilogram,2826077994.318408,2880601261.435446,404356786.2355206,0.143080547333954,emission
Nitrogen oxides,air,lower stratosphere + upper troposphere,011104-93-1,kilogram,2879286681.02487,2884333591.561853,285026188.5728357,0.09899194493247955,emission
"Lead, in ground",natural resource,in ground,7439-92-1,kilogram,2892926350.078971,2894760546.627429,112345949.9067882,0.0388347079432981,natural resource
"TOC, Total Organic Carbon",water,ocean,,kilogram,2781374128.843724,2941525473.77922,928433794.3502998,0.3338039944796169,emission
"DOC, Dissolved Organic Carbon",water,ocean,,kilogram,2799835194.620912,2956384273.45244,895794461.6758816,0.3199454251439143,emission
"Oils, unspecified",water,ocean,,kilogram,2821970805.674973,2956550477.662817,1015819944.374314,0.3599682683929628,emission
"Occupation, arable land, unspecified use",natural resource,land,,square meter-year,3206078411.949223,3216940495.686905,238854842.7369458,0.07450062414154351,natural resource
"DOC, Dissolved Organic Carbon",water,ground-,,kilogram,3213752795.137329,3218215236.174735,24484789.31379208,0.007618753175676602,emission
Radon-220,air,urban air close to ground,022481-48-7,kilo Becquerel,2675403721.595582,3239943476.809629,2192497864.495897,0.8195016874643185,emission
"TOC, Total Organic Carbon",water,ground-,,kilogram,3272589813.314878,3275832814.929455,24665316.02916256,0.007536940904970465,emission
"Nickel, in ground",natural resource,in ground,007440-02-0,kilogram,3285043546.798925,3309558821.021498,194244028.786708,0.05912981853040792,natural resource
Krypton-87,air,non-urban air or from high stacks,014809-68-8,kilo Becquerel,3378651142.373252,3387991186.803312,223778193.572951,0.06623299776838261,emission
Argon-41,air,non-urban air or from high stacks,014163-25-8,kilo Becquerel,3361962868.487284,3406761146.118632,578167769.5749735,0.1719732763839597,emission
"Potassium, ion",water,ocean,024203-36-9,kilogram,3408889138.680619,3457756455.668592,592917428.4858758,0.1739327400700861,emission
Silicon,air,urban air close to ground,007440-21-3,kilogram,3012126576.869481,3570715836.36578,2315864433.834374,0.7688469839276357,emission
"Magnesium, in ground",natural resource,in ground,007439-95-4,kilogram,3604018901.825476,3611726728.345528,170354726.4454423,0.04726798917706999,natural resource
Iron-59,water,surface water,014596-12-4,kilo Becquerel,3743864937.810155,3749302701.607594,142508474.9865026,0.03806453420562174,emission
"Particulates, > 2.5 um, and < 10um",air,urban air close to ground,,kilogram,3711735826.859872,3783463508.42028,624042124.9394321,0.1681267617225258,emission
"Zinc, ion",water,"ground-, long-term",023713-49-7,kilogram,3500790386.879587,3836701853.418025,1543214662.237439,0.4408189270689171,emission
"BOD5, Biological Oxygen Demand",water,,,kilogram,3766074965.270527,3929327495.008364,972347293.0599401,0.2581858571660413,emission
"Solids, inorganic",water,ground-,,kilogram,4006914274.165341,4158279072.718565,1071991661.801036,0.2675354620668386,emission
"Transformation, from permanent crop",natural resource,land,,square meter,4048176483.4716,4196420525.257728,856481578.9228872,0.2115721936580179,natural resource
Argon-40,air,,007440-37-1,kilogram,4120446194.932812,4214478478.702382,937692980.609341,0.227570737791088,emission
Fluoride,water,"ground-, long-term",016984-48-8,kilogram,4112165704.572373,4346448372.49768,1218580824.334249,0.2963355350635049,emission
Krypton-88,air,non-urban air or from high stacks,014995-61-0,kilo Becquerel,4414946480.912014,4454971971.91815,307017598.2886512,0.0695405028387183,emission
"Particulates, > 10 um",air,,,kilogram,4535317825.273878,4547027061.86987,261759251.6796926,0.05771574601034394,emission
"Transformation, to mineral extraction site",natural resource,land,,square meter,4551806319.218739,4600618997.588582,641101604.9195869,0.1408455369053629,natural resource
Niobium-95,air,non-urban air or from high stacks,013967-76-5,kilo Becquerel,4601435922.307157,4602133240.134872,177157790.1343721,0.03850054485721172,emission
"NMVOC, non-methane volatile organic compounds, unspecified origin",air,urban air close to ground,,kilogram,4556698458.735701,4671300156.0704,592540201.214968,0.1300371763856794,emission
"NMVOC, non-methane volatile organic compounds, unspecified origin",air,,,kilogram,4624802031.676575,4696946811.161807,489695786.2908297,0.1058847022935825,emission
"BOD5, Biological Oxygen Demand",water,ground-,,kilogram,4682489718.576041,4748858380.017682,654276873.4324167,0.1397284164526439,emission
Antimony-124,water,surface water,014683-10-4,kilo Becquerel,4571783672.635778,4772548208.231887,1286693470.944682,0.2814423347819653,emission
Dissolved solids,water,ground-,,kilogram,4889031714.459109,4919126532.240576,297831658.1204033,0.06091833220054156,emission
Argon-40,natural resource,in air,007440-37-1,kilogram,4912262127.444189,4933257359.997801,533531518.1361011,0.1086121840191157,natural resource
"Occupation, annual crop, greenhouse",natural resource,land,,square meter-year,5011275045.237,5013740136.450516,296208078.7523242,0.05910832594069191,natural resource
"Silicon, in ground",natural resource,in ground,007440-21-3,kilogram,5037435294.339781,5038346846.216058,64540772.6290198,0.0128122286159268,natural resource
"Transformation, to permanent crop, non-irrigated",natural resource,land,,square meter,5060888450.51594,5078098205.8592,315988490.9028473,0.06243735541545743,natural resource
"Transformation, from permanent crop, non-irrigated",natural resource,land,,square meter,5070492577.364961,5093206692.347976,320883689.1677504,0.06328452004844617,natural resource
Xenon-137,air,non-urban air or from high stacks,014835-21-3,kilo Becquerel,5083564742.873455,5107346663.238748,341185177.7772918,0.06711534032404964,emission
"COD, Chemical Oxygen Demand",water,,,kilogram,4954311868.396656,5148354229.34099,1161018628.844198,0.2343450835726119,emission
"Water, salt, sole",natural resource,in water,007732-18-5,cubic meter,5089431978.616516,5172280732.844127,816245501.495539,0.1603804717157105,natural resource
"Lithium, ion",water,,017341-24-1,kilogram,4244159252.776114,5265715140.348568,4188123055.610653,0.9867968674528866,emission
"Potassium, in ground",natural resource,in ground,7440-09-7,kilogram,5295253262.154529,5420692161.686706,1126152734.210631,0.212672119435591,natural resource
"Transformation, to permanent crop",natural resource,land,,square meter,5424423512.739433,5608760275.424961,1146897277.200866,0.2114321041687363,natural resource
Magnesium,water,surface water,007439-95-4,kilogram,5031910676.414949,5677531498.500604,2930154484.990639,0.5823144871638035,emission
Radium-226,water,,013982-63-3,kilo Becquerel,5053772776.755042,6038225571.21642,4125341694.858276,0.8162895082724912,emission
"Titanium, ion",water,"ground-, long-term",022541-75-9,kilogram,5411270623.995575,6161485223.852405,3054464800.811812,0.5644635083056437,emission
"Methane, non-fossil",air,urban air close to ground,000074-82-8,kilogram,6188747383.693979,6295241675.468277,622964529.4903522,0.1006608431185493,emission
Lead-210,air,non-urban air or from high stacks,014255-04-0,kilo Becquerel,6464860321.107038,6520999453.086224,794434412.3707572,0.1228850080143292,emission
"Copper, ion",water,"ground-, long-term",017493-86-6,kilogram,6264312450.597361,6555959333.734799,1647989851.330451,0.2630759344025536,emission
Zinc,soil,agricultural,007440-66-6,kilogram,7080298458.367975,7199991834.177943,14031808034.52496,1.981810246705239,emission
"Transformation, to annual crop, irrigated, extensive",natural resource,land,,square meter,7277287842.55525,7303054194.403416,807243412.2135948,0.1109264096292981,natural resource
"Titanium, in ground",natural resource,in ground,007440-32-6,kilogram,7305778041.10043,7353983656.047225,840396282.2399697,0.1150317293397248,natural resource
Cesium-137,water,ocean,010045-97-3,kilo Becquerel,6460695371.883593,7632588895.980556,4864128193.024657,0.7528799785535374,emission
Phosphate,water,"ground-, long-term",014265-44-2,kilogram,7022081416.587027,7750220203.122953,4040132993.791367,0.5753469312172986,emission
"Potassium, ion",water,surface water,024203-36-9,kilogram,7243969068.737276,7876553684.029125,2900004245.069218,0.4003336040713836,emission
"Fluorspar, in ground",natural resource,in ground,007789-75-5,kilogram,7932761299.111427,8234222113.690734,2111178866.821517,0.2661341728583206,natural resource
"Occupation, annual crop, non-irrigated, extensive",natural resource,land,,square meter-year,8210322118.118137,8309407361.305349,1114745734.024935,0.135773690482249,natural resource
"Sodium chloride, in ground",natural resource,in ground,007647-14-5,kilogram,8211581468.376339,8323626064.468517,954885040.013151,0.116285156968912,natural resource
"Carbon dioxide, to soil or biomass stock",soil,agricultural,000124-38-9,kilogram,8349197664.224566,8356178281.961363,106669121.7763083,0.01277597274207248,emission
Phosphate,water,surface water,014265-44-2,kilogram,8460713304.956789,8632088807.212545,1677425354.474056,0.1982605123248083,emission
Radium-228,water,,015262-20-1,kilo Becquerel,7120147977.828556,8833856039.316961,6141073168.948393,0.8624923510116775,emission
"Wood, soft, standing",natural resource,biotic,,cubic meter,8815447971.704197,8872433490.33523,836450706.5954288,0.09488465127129855,natural resource
Dinitrogen monoxide,air,non-urban air or from high stacks,010024-97-2,kilogram,8865204606.869312,8961521721.58657,891853692.9969294,0.1006015915646059,emission
Water,water,ocean,007732-18-5,cubic meter,9235613669.205898,9265004079.756351,443572970.1960027,0.04802853238383046,emission
"Solids, inorganic",water,surface water,,kilogram,9198007138.363768,9298171581.146399,1395560784.37676,0.1517242554157244,emission
"COD, Chemical Oxygen Demand",water,ground-,,kilogram,9519621135.190884,9522677209.080803,57131914.24442809,0.006001490335915821,emission
"BOD5, Biological Oxygen Demand",water,ocean,,kilogram,8905746548.58523,9546208082.841637,3374387168.923357,0.3788999777294822,emission
Hydrogen sulfide,air,non-urban air or from high stacks,007783-06-4,kilogram,9523293564.777592,9570318156.426239,828263726.7189035,0.08697240309616003,emission
"COD, Chemical Oxygen Demand",water,ocean,,kilogram,8990952535.777903,9616394948.74997,3378942318.905974,0.3758158332457069,emission
"Particulates, > 10 um",air,urban air close to ground,,kilogram,9607866716.502678,9797863027.752232,1487494308.227476,0.1548204562072582,emission
"Particulates, < 2.5 um",air,urban air close to ground,,kilogram,9413755899.265732,9926835466.08045,2601791880.384703,0.2763819147453825,emission
Lead-210,air,urban air close to ground,014255-04-0,kilo Becquerel,8117783881.840906,9943512932.578026,6608004413.772319,0.8140158089887202,emission
"Occupation, forest, extensive",natural resource,land,,square meter-year,9766830156.009336,10017586515.00039,1736796514.7572,0.177826017962295,natural resource
Water,air,urban air close to ground,007732-18-5,cubic meter,10116067717.13075,10227703193.04327,916432266.077185,0.09059174885961672,emission
"Sodium sulphate, various forms, in ground",natural resource,in ground,007757-82-6,kilogram,9544002211.55577,10376886138.61444,4040951757.347744,0.4234022234880672,natural resource
"Fish, demersal, in ocean",natural resource,biotic,,kilogram,10582111869.17481,10745354841.49446,1708474981.517988,0.1614493404189663,natural resource
"Occupation, river, artificial",natural resource,land,,square meter-year,10829224938.73455,10923540034.98472,885495039.2905794,0.0817690134151054,natural resource
Sulfur dioxide,air,,007446-09-5,kilogram,10779636561.56101,10924686780.2152,862664971.4585927,0.08002727796359671,emission
"Calcium, ion",water,ocean,014127-61-8,kilogram,9982391867.209955,11152600167.1128,4835334979.213346,0.4843864119476614,emission
Krypton-85,air,non-urban air or from high stacks,013983-27-2,kilo Becquerel,11154028885.2596,11240298183.60483,1631715706.498914,0.146289356364791,emission
"Transformation, to annual crop, non-irrigated, extensive",natural resource,land,,square meter,11108000086.99465,11252328403.424,1595698287.51332,0.1436530676103954,natural resource
Polonium-210,air,non-urban air or from high stacks,013981-52-7,kilo Becquerel,11237025456.42096,11334355871.89188,1401552109.032254,0.1247262555796197,emission
Magnesium,water,ocean,007439-95-4,kilogram,11249761910.18281,11475873975.28418,1890652786.827945,0.1680615822737196,emission
"Barium, in ground",natural resource,in ground,7440-39-3,kilogram,11779902292.43945,12041384724.49643,2747060366.326982,0.2331989093059028,natural resource
Uranium-238,water,ocean,007440-61-1,kilo Becquerel,9422855031.320904,12101231039.7639,9565706085.763887,1.015160060721316,emission
"Transformation, from annual crop, greenhouse",natural resource,land,,square meter,12521455884.26962,12562633778.02948,771639708.2131146,0.06162539846364874,natural resource
"Transformation, to annual crop, greenhouse",natural resource,land,,square meter,12615101317.07565,12602370637.35284,758991449.4784584,0.0601653074677329,natural resource
Radium-228,air,urban air close to ground,015262-20-1,kilo Becquerel,10090192676.81771,12637574469.61038,9474545035.49723,0.9389855416007138,emission
"Transformation, from annual crop, non-irrigated, extensive",natural resource,land,,square meter,12571735040.50742,12884785758.75615,2346583552.139644,0.1866555049544643,natural resource
"Oils, unspecified",water,surface water,,kilogram,10946447958.67067,12975448335.29083,8803478116.748714,0.8042314867788221,emission
Uranium alpha,water,surface water,007440-61-1,kilo Becquerel,8637690637.78495,13090068779.26674,16071585013.84833,1.860634478334331,emission
"Zinc, in ground",natural resource,in ground,7440-66-6,kilogram,13175424199.17196,13196185484.27292,513018014.0292592,0.03893749501146998,natural resource
"Methane, fossil",air,,000074-82-8,kilogram,12466782263.49584,13619171682.98125,5626254573.29404,0.4512996581137343,emission
"Borax, in ground",natural resource,in ground,001330-43-4,kilogram,13109341932.29407,13784983463.19534,5418996562.828987,0.4133690760998168,natural resource
"Sulfur, in ground",natural resource,in ground,007704-34-9,kilogram,14041579829.99088,14045220687.72548,184736615.1660282,0.01315639816906188,natural resource
"Particulates, > 2.5 um, and < 10um",air,non-urban air or from high stacks,,kilogram,13988815284.884,14197932124.73332,1638931465.713331,0.117160133459216,emission
Nitrate,water,surface water,014797-55-8,kilogram,14096206806.5137,14257297506.15388,2377296807.788094,0.1686479802984709,emission
Chloride,water,"ground-, long-term",016887-00-6,kilogram,13865185733.93416,14953719407.18921,4794618737.940063,0.345802705419628,emission
Ethanol,air,urban air close to ground,000064-17-5,kilogram,15176998815.21097,15687413805.00902,4543307886.82879,0.2993548291164992,emission
"Calcium, ion",water,,014127-61-8,kilogram,13116031288.87919,15860977491.35498,10139602325.14915,0.7730693913292437,emission
"Potassium, ion",water,"ground-, long-term",024203-36-9,kilogram,14186419685.28366,16099586484.836,6953654833.091594,0.4901627744951742,emission
"Oils, unspecified",soil,forestry,,kilogram,13487939974.26031,16136209294.25532,10212778110.9786,0.7571784965286134,emission
Sulfate,water,,014808-79-8,kilogram,15832935822.11613,16249709526.68293,3347997978.352961,0.2114578127498206,emission
"Carbon monoxide, non-fossil",air,non-urban air or from high stacks,000630-08-0,kilogram,12782302497.43134,16404798789.27436,13391433497.41239,1.047654246963992,emission
"Clay, bentonite, in ground",natural resource,in ground,001302-78-9,kilogram,16038846995.84198,16461623551.28739,3324905215.167759,0.2073032566511627,natural resource
"Water, salt, ocean",natural resource,in water,007732-18-5,cubic meter,16612239471.87799,16849664149.95325,1994417120.069113,0.1200570894397086,natural resource
Sulfate,water,ground-,014808-79-8,kilogram,16508561099.17945,17457144311.68093,4765486344.412084,0.2886675777363146,emission
Polonium-210,air,urban air close to ground,013981-52-7,kilo Becquerel,14746767889.57087,17606484506.71494,10784375736.38888,0.7313043656173465,emission
Xenon-131m,air,non-urban air or from high stacks,378784-67-9,kilo Becquerel,17703032625.43846,17828225588.63816,1208876731.814943,0.06828642060331754,emission
"Carbon dioxide, fossil",air,"low population density, long-term",000124-38-9,kilogram,18300511891.39687,18298230398.67782,728175459.2433246,0.03978989569060318,emission
"Sodium, ion",water,"ground-, long-term",017341-25-2,kilogram,17537259322.91107,18535831718.71761,5183922528.484504,0.2955947923808204,emission
"Chromium, in ground",natural resource,in ground,007440-47-3,kilogram,19275324155.74279,19381851430.82114,1379186850.569725,0.07155194067949393,natural resource
Strontium-90,water,surface water,010098-97-2,kilo Becquerel,19742817372.24598,20129120736.63706,3882319537.57927,0.196644656351679,emission
Nitrogen oxides,air,,011104-93-1,kilogram,21485223171.18739,21517341185.89308,1224130766.863475,0.05697547365973313,emission
Krypton-85m,air,non-urban air or from high stacks,378253-15-7,kilo Becquerel,21712178398.98407,21818138044.41964,1203399638.424931,0.05542509905322253,emission
"Occupation, pasture, man made, extensive",natural resource,land,,square meter-year,21536586869.80141,22677567594.25488,6614692362.990628,0.3071374495401473,natural resource
"Colemanite, in ground",natural resource,in ground,001318-33-8,kilogram,21880986924.99247,23301490724.22344,9025501546.59268,0.4124814651885629,natural resource
Radium-224,water,surface water,013233-32-4,kilo Becquerel,19968105221.60317,23905164094.75113,15680074562.3563,0.7852560064333135,emission
"Carbon dioxide, to soil or biomass stock",soil,,000124-38-9,kilogram,24762156846.16504,24762156846.16504,0.0,0.0,emission
Thorium-230,water,surface water,014269-63-7,kilo Becquerel,19566417317.5832,25002841647.35318,18561132260.43826,0.9486219147415634,emission
Radium-226,water,ocean,013982-63-3,kilo Becquerel,20077930030.51047,25526159366.83206,19559458785.78716,0.9741770569010134,emission
"Particulates, < 2.5 um",air,non-urban air or from high stacks,,kilogram,26009491595.06502,26118294479.8884,2024283342.395512,0.07782863940253239,emission
"Copper, in ground",natural resource,in ground,007440-50-8,kilogram,27015682482.68867,27133143424.15646,1303806416.407314,0.04826109491191932,natural resource
"Methane, fossil",air,urban air close to ground,000074-82-8,kilogram,26608317246.67628,27364564339.8927,5516310132.092869,0.2073152571413334,emission
Magnesium,water,"ground-, long-term",007439-95-4,kilogram,23808584340.6302,27704944438.81776,16855020563.71825,0.70793879730827,emission
Water,air,"low population density, long-term",007732-18-5,cubic meter,27865614057.48111,27889103586.02158,1818298781.810013,0.06525242106846207,emission
Nitrogen oxides,air,urban air close to ground,011104-93-1,kilogram,27919214895.82554,28346897747.50035,2749449942.23507,0.09847876999743878,emission
"NMVOC, non-methane volatile organic compounds, unspecified origin",air,non-urban air or from high stacks,,kilogram,27747958407.1757,29199531477.93785,7225223216.343059,0.2603875611430423,emission
"Magnesite, in ground",natural resource,in ground,000546-93-0,kilogram,26400256533.01929,29467786135.62416,14459091702.71571,0.5476875455596979,natural resource
"Kaolinite, in ground",natural resource,in ground,001318-74-7,kilogram,29487523317.52438,30067955210.00922,4593885031.748949,0.1557908062430869,natural resource
"Fish, pelagic, in ocean",natural resource,biotic,,kilogram,29885440611.3972,30088560609.88818,2918000216.514701,0.09763952469223036,natural resource
"Calcium, ion",water,surface water,014127-61-8,kilogram,30673918665.98423,31701219155.90693,6590799689.511071,0.2148665699117186,emission
"Transformation, from permanent crop, irrigated, intensive",natural resource,land,,square meter,32174881526.44027,32579590149.59049,5121824486.348682,0.1591870503746761,natural resource
"Phosphorus, in ground",natural resource,in ground,7723-14-0,kilogram,32037928475.95516,32768234465.5465,6743740585.37176,0.2104924040401993,natural resource
"Transformation, to permanent crop, irrigated, intensive",natural resource,land,,square meter,32525522553.84587,32799147521.29318,5088320083.152773,0.1564408404116822,natural resource
"Carbon dioxide, non-fossil, resource correction",natural resource,in air,000124-38-9,kilogram,33555806700.16092,33555806700.16091,1.144981813788727e-05,3.41217192010835e-16,natural resource
"Radioactive species, Nuclides, unspecified",water,ocean,,kilo Becquerel,33465422799.34868,34535195419.84943,9728459606.600246,0.290701828718255,emission
Ammonia,air,non-urban air or from high stacks,007664-41-7,kilogram,34580229438.60417,34704980514.62108,1860313310.475577,0.05379702045582115,emission
Polonium-210,water,ocean,013981-52-7,kilo Becquerel,27609287869.24506,35021853977.84201,28267508243.86893,1.023840541550407,emission
Sulfate,water,ocean,014808-79-8,kilogram,35706889499.67368,36349127663.09719,5031847794.245504,0.1409209221176068,emission
"Transformation, from permanent crop, irrigated",natural resource,land,,square meter,37142049380.72307,37148034514.91782,1662595336.503398,0.04476315562076374,natural resource
"Occupation, construction site",natural resource,land,,square meter-year,36332193775.72212,37159456988.64894,6995520625.51563,0.1925433038450371,natural resource
"Transformation, to permanent crop, irrigated",natural resource,land,,square meter,37198319781.37892,37208346616.38039,1740096127.605969,0.0467788904937863,natural resource
"DOC, Dissolved Organic Carbon",water,surface water,,kilogram,36897448009.58733,37815474377.21471,6370800067.770482,0.1726623496051844,emission
Xenon-138,air,non-urban air or from high stacks,015751-81-2,kilo Becquerel,38115654717.76837,38190819024.76081,2629561256.828553,0.06898900927452074,emission
"Carbon, organic, in soil or biomass stock",natural resource,in ground,007440-44-0,kilogram,38394324436.85089,38542708956.456,1003127902.305787,0.0261269840534812,natural resource
"TOC, Total Organic Carbon",water,surface water,,kilogram,38557979417.13545,39348111713.17181,6616736451.93998,0.1716048546101836,emission
Sulfate,water,"ground-, long-term",014808-79-8,kilogram,37449377155.87718,39543770588.6659,10266788354.12397,0.2741511110155469,emission
"BOD5, Biological Oxygen Demand",water,"ground-, long-term",,kilogram,35818514019.79299,41069868848.82305,20234751898.48864,0.5649243820474265,emission
"Carbon monoxide, non-fossil",air,urban air close to ground,000630-08-0,kilogram,36170782488.29359,41294248738.88796,20791340852.13712,0.57481036963649,emission
"Transformation, from unspecified",natural resource,land,,square meter,42982749313.38586,43352939104.0424,4209947489.694658,0.09794504904746935,natural resource
"Carbon monoxide, fossil",air,non-urban air or from high stacks,000630-08-0,kilogram,41738419013.24841,45000599078.59937,15039946595.39534,0.3603381956231124,emission
"Occupation, permanent crop, irrigated, intensive",natural resource,land,,square meter-year,44449915636.11891,45098848638.64994,5892655866.545283,0.1325684375822989,natural resource
Radium-228,water,surface water,015262-20-1,kilo Becquerel,39049764435.96091,47002105292.86933,30257530260.73801,0.774845397860425,emission
"Laterite, in ground",natural resource,in ground,,kilogram,47125982317.98204,48642460233.99265,13960857350.41018,0.2962454396432408,natural resource
"Water, unspecified natural origin",natural resource,in ground,007732-18-5,cubic meter,48508965317.10494,49183296977.30816,8370180999.454268,0.172549155496063,natural resource
Radon-220,air,non-urban air or from high stacks,022481-48-7,kilo Becquerel,49903127236.31192,50694677422.3396,5958813281.039055,0.1194076125294035,emission
"Carbon dioxide, from soil or biomass stock",air,,000124-38-9,kilogram,50626154650.36395,51628448048.16477,10572392878.56823,0.2088326271585043,emission
"Peat, in ground",natural resource,biotic,,kilogram,52223421108.27071,52412923545.2878,3012411412.562067,0.05768314960287016,natural resource
"BOD5, Biological Oxygen Demand",water,surface water,,kilogram,51390271109.77832,52852873482.79622,10507676735.85122,0.2044682098174778,emission
"Sodium, ion",water,,017341-25-2,kilogram,48356750203.56458,56911397586.79022,34192048919.12166,0.7070791311489172,emission
Sulfate,water,surface water,014808-79-8,kilogram,52226332984.03177,59238513010.08575,24788865433.5031,0.4746430395770331,emission
"Particulates, > 10 um",air,non-urban air or from high stacks,,kilogram,53038539013.07361,59317989531.83464,23841932499.71325,0.4495209133463572,emission
"Carbon monoxide, fossil",air,,000630-08-0,kilogram,57518492663.00389,64179447568.06284,29618785380.46376,0.5149436991333862,emission
Nitrogen oxides,air,non-urban air or from high stacks,011104-93-1,kilogram,66987731563.96817,67312954786.66822,3722069849.24563,0.05556345561114184,emission
"Occupation, traffic area, road network",natural resource,land,,square meter-year,61141648001.71841,67713364523.25935,27668619309.96989,0.4525330967394313,natural resource
Sulfur dioxide,air,urban air close to ground,007446-09-5,kilogram,64185004431.03445,67864779908.42126,16610565640.18817,0.2587919995866932,emission
Sulfur dioxide,air,non-urban air or from high stacks,007446-09-5,kilogram,68186191137.12173,68415213741.19167,3593186120.348817,0.05269668330825163,emission
Carbon-14,air,non-urban air or from high stacks,014762-75-5,kilo Becquerel,67642907211.71101,70375361339.75648,14945035881.67338,0.2209401768451187,emission
"Calcium, ion",water,"ground-, long-term",014127-61-8,kilogram,75750869963.19116,79340353837.83647,18212737204.87096,0.2404294130710431,emission
"Sylvite, in ground",natural resource,in ground,007447-40-7,kilogram,77146195331.29688,80771535349.09566,24078803760.00044,0.3121191350603403,natural resource
"Occupation, permanent crop",natural resource,land,,square meter-year,79964663070.93562,80989017141.07806,15178408950.3827,0.189813954908034,natural resource
"Heat, waste",soil,industrial,,megajoule,83425417397.77858,84087333758.99124,11197549982.75912,0.1342222829928242,emission
"Gas, mine, off-gas, process, coal mining",natural resource,in ground,008006-14-2,cubic meter,84844877733.222,89462767336.5324,25713496302.50692,0.3030648047293785,natural resource
"Iron, ion",water,"ground-, long-term",015438-31-0,kilogram,86532082002.2756,89777802886.68437,19590593368.90934,0.2263968798115148,emission
Thorium-228,water,surface water,014274-82-9,kilo Becquerel,75109488814.34683,91781742027.143,61222204181.21716,0.8151061223774827,emission
"Transformation, from unspecified, natural (non-use)",natural resource,land,,square meter,85472063697.94214,92116147422.06807,35863173291.3722,0.4195894160004429,natural resource
"Sodium, ion",water,ocean,017341-25-2,kilogram,93886063118.52325,95335646943.34235,15566069750.80499,0.1657974488839108,emission
"Water, lake",natural resource,in water,007732-18-5,cubic meter,97773332146.3223,97781408918.64407,4167138461.581045,0.04262039934718324,natural resource
"Occupation, traffic area, rail/road embankment",natural resource,land,,square meter-year,97643479539.58012,98721909374.72247,15161986612.11626,0.1552790486739086,natural resource
"Occupation, permanent crop, non-irrigated",natural resource,land,,square meter-year,101226349066.2366,101344197165.8338,4355351855.335613,0.04302587118385281,natural resource
"Occupation, seabed, unspecified",natural resource,land,,square meter-year,92885205231.26599,102499113767.9374,46713481382.61271,0.5029162746242017,natural resource
"Methane, fossil",air,non-urban air or from high stacks,000074-82-8,kilogram,103148138198.5817,106821320677.7722,24554269576.43509,0.2380485969525014,emission
Chloride,water,ground-,016887-00-6,kilogram,99318253412.97299,110638930001.2051,48523075772.76339,0.4885615091417353,emission
"Methane, non-fossil",air,non-urban air or from high stacks,000074-82-8,kilogram,122225446899.5525,123492698701.719,12029230555.04686,0.09841838062521255,emission
"Gypsum, in ground",natural resource,in ground,013397-24-5,kilogram,123048928720.9195,123506906412.5581,17507560091.11181,0.1422812882086909,natural resource
"COD, Chemical Oxygen Demand",water,surface water,,kilogram,126630975513.4206,129603393876.7233,23371624567.11973,0.1845648307798337,emission
Aluminium,water,"ground-, long-term",007429-90-5,kilogram,123878879188.824,131312320032.5807,39319250012.96024,0.3174007568556329,emission
Radium-226,water,surface water,013982-63-3,kilo Becquerel,118912416487.5017,136580583774.3766,71627250474.59875,0.602352997192073,emission
"Heat, waste",air,non-urban air or from high stacks,,megajoule,133647460481.3045,141091308555.488,43424579168.77496,0.3249188500282014,emission
"Occupation, dump site",natural resource,land,,square meter-year,134639068973.1425,142941040360.4279,49708031414.13618,0.3691947054688251,natural resource
Nitrogen,air,,007727-37-9,kilogram,141088155756.5213,143449581212.1242,24331252115.75101,0.1724542502188486,emission
"DOC, Dissolved Organic Carbon",water,"ground-, long-term",,kilogram,130666353247.8983,151269965063.6089,79139051844.49326,0.6056574617518545,emission
"Water, unspecified natural origin",natural resource,in water,007732-18-5,cubic meter,151033231315.501,151440276594.7513,10951038110.17629,0.07250747411541578,natural resource
"TOC, Total Organic Carbon",water,"ground-, long-term",,kilogram,134187748736.2113,155004570763.4984,76934362739.88593,0.5733337317635819,emission
Xenon-135m,air,non-urban air or from high stacks,378784-92-0,kilo Becquerel,161739512478.6945,162327673520.5827,11105697204.50989,0.06866409471818338,emission
"Occupation, lake, artificial",natural resource,land,,square meter-year,164136806997.489,165547659227.3882,15553019371.68436,0.09475643919357035,natural resource
"COD, Chemical Oxygen Demand",water,"ground-, long-term",,kilogram,147608133441.3782,169536843172.2266,82739633134.87782,0.5605357320485149,emission
"Sodium, ion",water,surface water,017341-25-2,kilogram,158940074234.9877,170669025127.6977,59568562688.63498,0.3747863021667198,emission
Chloride,water,ocean,016887-00-6,kilogram,167621278853.5345,171173289759.1087,28199134273.69548,0.1682312321357215,emission
"Occupation, mineral extraction site",natural resource,land,,square meter-year,169502978445.6832,171834059597.3425,21185807327.82157,0.1249878174536651,natural resource
Chloride,water,,016887-00-6,kilogram,151128318487.7889,181219233160.4281,120504265468.4997,0.7973639002556389,emission
"Hydrogen-3, Tritium",air,non-urban air or from high stacks,010028-17-8,kilo Becquerel,192702670613.7217,196598230287.0505,31634715297.42712,0.1641633465518486,emission
"Granite, in ground",natural resource,in ground,219714-96-2,kilogram,209530761030.1622,209857246047.6008,12589274170.01793,0.06008317875677302,natural resource
Dissolved solids,water,,,kilogram,172532958526.8615,211073657909.019,139721476442.8406,0.8098248452691288,emission
"Dolomite, in ground",natural resource,in ground,016389-88-1,kilogram,222493943342.6848,226211957967.8634,35912466673.71622,0.1614087382972214,natural resource
Silicon,water,"ground-, long-term",007440-21-3,kilogram,219436919544.2108,231777769986.5973,91639332444.04343,0.4176112781494843,emission
"Transformation, from forest, intensive",natural resource,land,,square meter,248208716363.2532,258605931846.9207,71874416327.46922,0.2895724911702177,natural resource
"Transformation, to forest, intensive",natural resource,land,,square meter,248254795156.4146,259853321433.1877,67772377182.14371,0.272995239183369,natural resource
Nitrogen,natural resource,in air,007727-37-9,kilogram,264704632629.4934,266884238136.3855,30800234010.80053,0.1163569889383521,natural resource
"Suspended solids, unspecified",water,,,kilogram,260204111495.9536,274714516417.7209,100047932460.8907,0.3844978923880168,emission
"Transformation, from annual crop, irrigated, intensive",natural resource,land,,square meter,276243646785.6133,276675898447.9218,18174995425.31606,0.06579335176320372,natural resource
"Heat, waste",water,"ground-, long-term",,megajoule,280208991265.2489,282422591136.866,37341220942.16843,0.1332620369302169,emission
"Transformation, from grassland, natural (non-use)",natural resource,land,,square meter,288735388696.1608,291962517317.6993,58228907177.02238,0.201668757819975,natural resource
Chloride,water,surface water,016887-00-6,kilogram,306216338818.4291,314340888341.3165,69351304101.9634,0.2264781310153578,emission
Nitrate,water,ground-,014797-55-8,kilogram,323376826855.7218,326076943096.1536,31588092963.98659,0.09768199308257784,emission
Xenon-135,air,non-urban air or from high stacks,014995-62-1,kilo Becquerel,371613254525.903,373325399799.9905,20469135078.50585,0.05508182183819029,emission
"Clay, unspecified, in ground",natural resource,in ground,,kilogram,405667188376.8157,409747010450.1172,47696248953.47187,0.1175748256700708,natural resource
"Transformation, from industrial area",natural resource,land,,square meter,381129390172.9248,425587695291.6503,208623160864.2921,0.5473814569105684,natural resource
Water,water,surface water,007732-18-5,cubic meter,430298357587.43,432242981681.6841,26208585687.01167,0.06090793800365944,emission
"Heat, waste",water,,,megajoule,480279859712.1003,480291168949.791,327079407.5995572,0.0006810183708215918,emission
"Occupation, industrial area",natural resource,land,,square meter-year,481069928348.4072,509560974135.802,159986478897.1105,0.3325638737103577,natural resource
"Carbon dioxide, non-fossil",air,,000124-38-9,kilogram,511122521433.5522,516199361528.6146,51226385584.7036,0.1002232995740987,emission
"Transformation, to industrial area",natural resource,land,,square meter,486248437580.8345,527786218154.6073,206851447346.9627,0.4254028010374336,natural resource
"Energy, geothermal, converted",natural resource,in ground,,megajoule,545322883991.5944,564102345786.3579,121044375015.748,0.2219682660843805,natural resource
"Occupation, permanent crop, irrigated",natural resource,land,,square meter-year,565457627221.1504,565472205079.1525,13718627152.27562,0.02426110550439223,natural resource
"Carbon dioxide, fossil",air,lower stratosphere + upper troposphere,000124-38-9,kilogram,578233739444.156,578669680961.1144,16007419695.34743,0.0276833027950514,emission
"Occupation, annual crop, irrigated",natural resource,land,,square meter-year,611355667791.9143,613228913904.8597,27981689603.52909,0.04576990298395852,natural resource
Water,air,non-urban air or from high stacks,007732-18-5,cubic meter,726783966065.3254,728186434532.658,36499092590.86917,0.0502200024973976,emission
"Occupation, annual crop, irrigated, intensive",natural resource,land,,square meter-year,706522147344.6001,749170887239.6517,245387188116.3401,0.3473170501994959,natural resource
"Carbon dioxide, non-fossil",air,non-urban air or from high stacks,000124-38-9,kilogram,780789424104.9893,787129128040.1613,62360417886.63067,0.0798684202954129,emission
"Transformation, from pasture, man made",natural resource,land,,square meter,777368387588.7725,788616247780.7388,110778872699.8639,0.1425049879420437,natural resource
"Energy, gross calorific value, in biomass, primary forest",natural resource,biotic,,megajoule,909318869279.525,909318869279.5253,0.0002442627869415951,2.686217070752423e-16,natural resource
Radon-222,air,"low population density, long-term",014859-67-7,kilo Becquerel,846025372844.9141,909324035385.9034,317523519484.2106,0.3753120528956242,emission
"Transformation, from grassland, natural, for livestock grazing",natural resource,land,,square meter,928036507903.729,937391071875.2034,105805225893.4508,0.1140097668489854,natural resource
"Carbon dioxide, from soil or biomass stock",air,non-urban air or from high stacks,000124-38-9,kilogram,968042622524.321,944725923741.484,1763988036732.71,1.82222145563471,emission
"Transformation, to pasture, man made",natural resource,land,,square meter,974278718736.7048,986025920664.2238,115926987154.1071,0.1189874980584852,natural resource
"Transformation, to annual crop, irrigated, intensive",natural resource,land,,square meter,972899473572.4038,1021944900217.318,248243018554.724,0.255157932857335,natural resource
"Coal, brown, in ground",natural resource,in ground,,kilogram,1016038690248.908,1025052755567.074,143210397801.4097,0.1409497484454319,natural resource
"Volume occupied, reservoir",natural resource,in water,,cubic meter-year,987443856963.5862,1030024799353.944,213659660030.6084,0.2163765144963452,natural resource
"Transformation, to grassland, natural, for livestock grazing",natural resource,land,,square meter,1028191706881.899,1034578577875.406,105462659972.3722,0.1025710081753129,natural resource
"Transformation, to pasture, man made, intensive",natural resource,land,,square meter,1056343791943.518,1056257953825.504,64031085165.38972,0.06061576321434323,natural resource
Xenon-133,air,non-urban air or from high stacks,014932-42-4,kilo Becquerel,1057568746081.752,1062973335939.249,64887987539.40784,0.06135581046604783,emission
Oxygen,natural resource,in air,007782-44-7,kilogram,1108347733351.291,1113004289925.542,53520476754.02391,0.04828852456998762,natural resource
"Carbon monoxide, fossil",air,urban air close to ground,000630-08-0,kilogram,825570330409.4844,1124522519966.78,903988949182.6305,1.094987205674228,emission
"Occupation, pasture, man made, intensive",natural resource,land,,square meter-year,1169297685124.339,1170255407839.452,67182178027.89065,0.05745515353581388,natural resource
"Transformation, from annual crop, irrigated",natural resource,land,,square meter,1178918733497.294,1180528736054.409,47765815968.17796,0.04051663156329646,natural resource
"Transformation, to annual crop, irrigated",natural resource,land,,square meter,1177263434695.535,1189856007171.54,91887371380.72697,0.07805166513516237,natural resource
"Transformation, from annual crop, non-irrigated, intensive",natural resource,land,,square meter,1224998096687.445,1232939344087.582,96776412079.9281,0.07900127546452862,natural resource
"Transformation, from arable land, unspecified use",natural resource,land,,square meter,1390555835758.954,1394686422170.143,92844132691.74773,0.06676764089884545,natural resource
"Transformation, to arable land, unspecified use",natural resource,land,,square meter,1396670126484.464,1400583126834.521,90506612384.85477,0.06480170991604689,natural resource
"Heat, waste",water,surface water,,megajoule,1425750976320.542,1431736420292.417,108543907674.2848,0.07613104215043626,emission
"Water, cooling, unspecified natural origin",natural resource,in water,007732-18-5,cubic meter,1457205475137.949,1460369823619.229,56933260564.82235,0.03907016651816564,natural resource
"Water, well, in ground",natural resource,in water,007732-18-5,cubic meter,1679009593721.873,1681414505339.604,49417441251.47738,0.02943249486855723,natural resource
"Occupation, annual crop, non-irrigated, intensive",natural resource,land,,square meter-year,1764934289540.484,1771399417989.975,104780413019.9248,0.05936788334890661,natural resource
"Transformation, to annual crop, non-irrigated, intensive",natural resource,land,,square meter,1778180469589.982,1812542609200.071,222287561389.6059,0.1250084371024846,natural resource
"Transformation, to annual crop",natural resource,land,,square meter,1882950257465.352,1896969923502.008,290941029159.2761,0.1545133908905874,natural resource
"Shale, in ground",natural resource,in ground,,kilogram,1739266419816.894,1899586436611.353,881090466317.3396,0.5065874073565444,natural resource
"Transformation, from pasture, man made, intensive",natural resource,land,,square meter,2500853262505.107,2534482002438.412,326494524784.8998,0.1305532514362118,natural resource
"Heat, waste",air,,,megajoule,2877139280456.417,2896522470205.425,234736176338.6423,0.08158665725122795,emission
"Occupation, annual crop",natural resource,land,,square meter-year,2936708252480.89,2950467525378.084,229654639697.7567,0.07820138057764087,natural resource
"Transformation, from annual crop",natural resource,land,,square meter,3119062897088.484,3163465278409.13,443246009155.9623,0.1421087114240992,natural resource
"Iron, in ground",natural resource,in ground,007439-89-6,kilogram,3187600246197.788,3230502007463.736,494690766645.5446,0.1551922224989217,natural resource
"Gas, natural, in ground",natural resource,in ground,008006-14-2,cubic meter,3737403057696.112,3752006472224.914,272595238486.2755,0.0729370726887333,natural resource
"Occupation, grassland, natural, for livestock grazing",natural resource,land,,square meter-year,3948418023262.389,3987892504643.232,550594691221.3701,0.139446909617346,natural resource
"Oil, crude, in ground",natural resource,in ground,,kilogram,4368133275316.812,4389976512213.221,316635440002.4088,0.07248758681234237,natural resource
"Occupation, annual crop, non-irrigated",natural resource,land,,square meter-year,4623776400072.6,4645720855739.812,692429773361.5924,0.149754164874997,natural resource
"Sand, unspecified, in ground",natural resource,in ground,,kilogram,5041487201011.77,5075791480061.931,580560071745.4275,0.1151565100926797,natural resource
Water,air,,007732-18-5,cubic meter,5081976768949.951,5433487503083.523,1721773580807.637,0.3387999707766065,emission
"Heat, waste",air,urban air close to ground,,megajoule,5474207489554.281,5500347377409.875,403657592633.2391,0.07373808782430817,emission
"Transformation, from annual crop, non-irrigated",natural resource,land,,square meter,6150340603989.104,6230653067058.686,890362985668.0234,0.1447664516483095,natural resource
"Energy, kinetic (in wind), converted",natural resource,in air,,megajoule,6502324636023.012,6502324636023.014,0.001954102295532761,3.005236442220978e-16,natural resource
"Carbon dioxide, non-fossil",air,urban air close to ground,000124-38-9,kilogram,6649113602086.921,6672608807134.668,372861420839.0622,0.05607686124087791,emission
"Carbon dioxide, fossil",air,,000124-38-9,kilogram,6698732537699.003,6705682171570.791,220273829132.457,0.03288291149001755,emission
"Gangue, in ground",natural resource,in ground,,kilogram,7150079169523.91,7145184518684.622,124598913353.2717,0.01742622849329487,natural resource
"Transformation, to annual crop, non-irrigated",natural resource,land,,square meter,7527928381390.358,7661638369931.97,1141921755486.017,0.1516913681470375,natural resource
"Calcite, in ground",natural resource,in ground,013397-26-7,kilogram,7736508733560.184,8016926371384.418,2079980553053.29,0.2688526084163193,natural resource
"Coal, hard, unspecified, in ground",natural resource,in ground,,kilogram,9299040623561.496,9681104407073.85,1997256465973.687,0.2147809163144344,natural resource
"Occupation, pasture, man made",natural resource,land,,square meter-year,13297333677457.11,13433611262865.03,1173932701400.578,0.08828331527776428,natural resource
"Hydrogen-3, Tritium",water,ocean,010028-17-8,kilo Becquerel,13540839218460.24,14034550023773.2,4228213862030.412,0.3122564114243438,emission
"Energy, solar, converted",natural resource,in air,,megajoule,15277449223859.26,15526339904775.02,3005435423745.869,0.1967236401644974,natural resource
"Carbon dioxide, fossil",air,non-urban air or from high stacks,000124-38-9,kilogram,15567888266864.6,15571995569386.81,401627218455.9638,0.02579843916986515,emission
"Energy, potential (in hydropower reservoir), converted",natural resource,in water,,megajoule,17234487799465.48,17234487799465.48,0.003908204591065522,2.26766506584938e-16,natural resource
"Carbon dioxide, fossil",air,urban air close to ground,000124-38-9,kilogram,17164750314579.91,17307796722040.8,1699540641633.667,0.09901342055585045,emission
"Occupation, forest, intensive",natural resource,land,,square meter-year,17870295263998.38,18383086336554.71,3725792534481.611,0.2084908211890387,natural resource
"Carbon dioxide, in air",natural resource,in air,000124-38-9,kilogram,19961116778208.96,19981845109535.42,1001758055722.142,0.05018547142691616,natural resource
"Hydrogen-3, Tritium",water,surface water,010028-17-8,kilo Becquerel,24484365888806.98,24519498347559.56,826929255325.0803,0.0337737664549079,emission
"Gravel, in ground",natural resource,in ground,,kilogram,46742038651031.52,47207765507893.59,6649265185731.414,0.1422544967576992,natural resource
Radon-222,air,non-urban air or from high stacks,014859-67-7,kilo Becquerel,37034743434830.27,51134461128016.07,50345904043129.06,1.359423594542307,emission
"Water, turbine use, unspecified natural origin",natural resource,in water,007732-18-5,cubic meter,115220105363053.2,115564718065882.4,6067285386455.199,0.05265821765513463,natural resource
Water,water,,007732-18-5,cubic meter,121393764410612.0,122722560180451.5,11715555692488.1,0.09650871071812611,emission
"Water, river",natural resource,in water,007732-18-5,cubic meter,163934695410235.7,163936719211372.3,58787470370.7446,0.000358602980434574,natural resource
Water,water,ground-,007732-18-5,cubic meter,157826308058418.9,171031136760716.0,70700729345005.03,0.447965426136911,emission
"Energy, gross calorific value, in biomass",natural resource,biotic,,megajoule,224722865656005.8,224997000229785.7,7350702533244.988,0.03271007830817299,natural resource
"Noble gases, radioactive, unspecified",air,non-urban air or from high stacks,,kilo Becquerel,332579654609730.6,347179076987792.5,105723606112027.0,0.3178895781706478,emission
,,,,,5094835739688.446,5360000598303.318,,,
